Hour,From_BA,To_BA,Flow_MW,Capacity_MW,Utilization_%
1,AESO,BCHA,9.363815799999657,1418.950043,0.6599115907000016
1,AESO,NWMT,875.0,875.0,100.0
1,AVA,BPAT,-1246.888686557773,1250.0,99.75109492462185
1,AVA,CHPD,-135.0,135.0,100.0
1,AVA,DOPD,42.750015300000086,1228.0,3.481271604234535
1,AVA,GCPD,1579.0,1579.0,100.0
1,AVA,IPCO,601.0,601.0,100.0
1,AVA,NWMT,395.0,395.0,100.0
1,AVA,PACW,-871.8313287422272,1185.0,73.57226402887994
1,AVA,PGE,-355.0,355.0,100.0
1,AVA,SCL,119.5,119.5,100.0
1,AVA,TPWR,30.0,30.0,100.0
1,AZPS,CISO,-1209.75,1209.75,100.0
1,AZPS,IID,-171.0,171.0,100.0
1,AZPS,LDWP,-257.2770000000028,1947.0,13.214021571648832
1,AZPS,PACE,866.0,866.0,100.0
1,AZPS,PNM,813.7370000000019,1348.0,60.36624629080133
1,AZPS,SRP,-1216.4979999999996,1250.0,97.31983999999997
1,AZPS,TEPC,1475.5,1475.5,100.0
1,AZPS,WACM,1200.0,1200.0,100.0
1,AZPS,WALC,1250.0,1250.0,100.0
1,BANC,BPAT,-1154.75,1154.75,100.0
1,BANC,CISO,-808.2000123,808.2000123,100.0
1,BANC,PACW,774.9600123,1361.0,56.94048584129317
1,BCHA,BPAT,1527.75,1527.75,100.0
1,BPAT,CHPD,-1115.5,1115.5,100.0
1,BPAT,DOPD,-1250.0,1250.0,100.0
1,BPAT,GCPD,-1987.950016,1987.950016,100.0
1,BPAT,IPCO,1314.0,1314.0,100.0
1,BPAT,LDWP,374.8693447422263,1610.0,23.283810232436416
1,BPAT,NWMT,1250.0,1250.0,100.0
1,BPAT,PACW,-1250.0,1250.0,100.0
1,BPAT,PGE,856.906,1250.0,68.55247999999999
1,BPAT,PSEI,-1250.0,1250.0,100.0
1,BPAT,SCL,398.33000000000015,1811.949997,21.98349847730374
1,BPAT,TPWR,347.0259847000002,1250.0,27.762078776000017
1,CENACE,CISO,-536.6,994.0,53.98390342052314
1,CHPD,DOPD,-1128.4900031000002,1269.0,88.92750221434201
1,CHPD,PSEI,-693.6999969,693.6999969,100.0
1,CISO,IID,788.75,788.75,100.0
1,CISO,LDWP,1250.0,1250.0,100.0
1,CISO,NEVP,1034.24999,1034.24999,100.0
1,CISO,SRP,1250.0,1250.0,100.0
1,CISO,WALC,664.0,664.0,100.0
1,DOPD,GCPD,348.0,348.0,100.0
1,DOPD,PACW,-1527.5,1527.5,100.0
1,DOPD,PGE,-582.0,582.0,100.0
1,DOPD,PSEI,-330.7999878,330.7999878,100.0
1,DOPD,TPWR,-649.0,649.0,100.0
1,EPE,PNM,-258.4,1442.0,17.919556171983356
1,EPE,TEPC,1387.0,1387.0,100.0
1,GCPD,PACW,261.799984,625.0,41.88799744
1,GCPD,PSEI,-637.0,637.0,100.0
1,IID,WALC,330.0,330.0,100.0
1,IPCO,PACE,1250.0,1250.0,100.0
1,IPCO,PACW,866.6713324422276,1981.599976,43.735937774467736
1,LDWP,NEVP,1857.450012,1857.450012,100.0
1,LDWP,PACE,600.0,600.0,100.0
1,LDWP,WALC,19.45233274222346,1913.0,1.0168495944706462
1,NEVP,PACE,353.8731122000015,717.0,49.354687894003
1,NEVP,WALC,883.0066550577765,1768.225037,49.93745912318379
1,NWMT,PACE,940.4799000000003,1106.700012,84.9805629169904
1,NWMT,WAUW,216.66,1311.500002,16.52001522452152
1,PACE,WACM,172.73100000000045,1245.350002,13.870076662994252
1,PACE,WALC,-386.7999878,386.7999878,100.0
1,PACW,PGE,-1069.5,1069.5,100.0
1,PNM,TEPC,-767.1899999999996,1132.0,67.77296819787982
1,PNM,WACM,1106.0,1106.0,100.0
1,PSCO,WACM,-1250.0,1250.0,100.0
1,PSEI,SCL,-1125.0,1125.0,100.0
1,PSEI,TPWR,-227.2859847000002,239.0,95.09873836820091
1,SCL,TPWR,120.0,120.0,100.0
1,SRP,TEPC,-1568.0,1568.0,100.0
1,SRP,WALC,-1722.5,1722.5,100.0
1,TEPC,WALC,885.0,885.0,100.0
1,WACM,WALC,-407.0,407.0,100.0
1,WACM,WAUW,-318.0,318.0,100.0
2,AESO,BCHA,-185.8036841999999,1418.950043,13.094448611253885
2,AESO,NWMT,875.0,875.0,100.0
2,AVA,BPAT,-1250.0,1250.0,100.0
2,AVA,CHPD,-135.0,135.0,100.0
2,AVA,DOPD,653.2550000000001,1228.0,53.19666123778502
2,AVA,GCPD,1579.0,1579.0,100.0
2,AVA,IPCO,601.0,601.0,100.0
2,AVA,NWMT,395.0,395.0,100.0
2,AVA,PACW,-1185.0,1185.0,100.0
2,AVA,PGE,-355.0,355.0,100.0
2,AVA,SCL,-119.5,119.5,100.0
2,AVA,TPWR,-30.0,30.0,100.0
2,AZPS,CISO,-1209.75,1209.75,100.0
2,AZPS,IID,-171.0,171.0,100.0
2,AZPS,LDWP,-1947.0,1947.0,100.0
2,AZPS,PACE,866.0,866.0,100.0
2,AZPS,PNM,1348.0,1348.0,100.0
2,AZPS,SRP,302.79500000000075,1250.0,24.22360000000006
2,AZPS,TEPC,887.7219999999998,1475.5,60.16414774652659
2,AZPS,WACM,1200.0,1200.0,100.0
2,AZPS,WALC,1250.0,1250.0,100.0
2,BANC,BPAT,1154.75,1154.75,100.0
2,BANC,CISO,-808.2000123,808.2000123,100.0
2,BANC,PACW,-1333.7049876999997,1361.0,97.99448844232181
2,BCHA,BPAT,1527.75,1527.75,100.0
2,BPAT,CHPD,-1115.5,1115.5,100.0
2,BPAT,DOPD,660.1950189999993,1250.0,52.815601519999944
2,BPAT,GCPD,-1987.950016,1987.950016,100.0
2,BPAT,IPCO,1314.0,1314.0,100.0
2,BPAT,LDWP,925.6730122999998,1610.0,57.495218155279495
2,BPAT,NWMT,1250.0,1250.0,100.0
2,BPAT,PACW,-1250.0,1250.0,100.0
2,BPAT,PGE,892.8109999999997,1250.0,71.42487999999997
2,BPAT,PSEI,-846.0190153000001,1250.0,67.68152122400001
2,BPAT,SCL,642.075,1811.949997,35.43558051066903
2,BPAT,TPWR,-48.73500000000013,1250.0,3.89880000000001
2,CENACE,CISO,-567.0349999999999,994.0,57.045774647887306
2,CHPD,DOPD,-1130.6100031,1269.0,89.09456289204098
2,CHPD,PSEI,-693.6999969,693.6999969,100.0
2,CISO,IID,788.75,788.75,100.0
2,CISO,LDWP,1250.0,1250.0,100.0
2,CISO,NEVP,1034.24999,1034.24999,100.0
2,CISO,SRP,1250.0,1250.0,100.0
2,CISO,WALC,664.0,664.0,100.0
2,DOPD,GCPD,-169.87499630000048,348.0,48.81465410919554
2,DOPD,PACW,1527.5,1527.5,100.0
2,DOPD,PGE,-582.0,582.0,100.0
2,DOPD,PSEI,-330.7999878,330.7999878,100.0
2,DOPD,TPWR,-649.0,649.0,100.0
2,EPE,PNM,-278.635,1442.0,19.32281553398058
2,EPE,TEPC,1387.0,1387.0,100.0
2,GCPD,PACW,-251.02001230000064,625.0,40.1632019680001
2,GCPD,PSEI,-637.0,637.0,100.0
2,IID,WALC,330.0,330.0,100.0
2,IPCO,PACE,1250.0,1250.0,100.0
2,IPCO,PACW,752.6800000000003,1981.599976,37.98344817904864
2,LDWP,NEVP,1857.450012,1857.450012,100.0
2,LDWP,PACE,600.0,600.0,100.0
2,LDWP,WALC,-1077.5969997000002,1913.0,56.33021430737063
2,NEVP,PACE,30.327014500000587,717.0,4.2297091352859955
2,NEVP,WALC,697.0629874999988,1768.225037,39.421621847558924
2,NWMT,PACE,1106.700012,1106.700012,100.0
2,NWMT,WAUW,-15.275111999999993,1311.500002,1.1647054499966363
2,PACE,WACM,372.8611119999998,1245.350002,29.94026670423532
2,PACE,WALC,-386.7999878,386.7999878,100.0
2,PACW,PGE,-1069.5,1069.5,100.0
2,PNM,TEPC,-104.42700000000013,1132.0,9.225000000000012
2,PNM,WACM,1106.0,1106.0,100.0
2,PSCO,WACM,-1250.0,1250.0,100.0
2,PSEI,SCL,-1125.0,1125.0,100.0
2,PSEI,TPWR,239.0,239.0,100.0
2,SCL,TPWR,120.0,120.0,100.0
2,SRP,TEPC,-1568.0,1568.0,100.0
2,SRP,WALC,-566.2969999999989,1722.5,32.876458635703855
2,TEPC,WALC,885.0,885.0,100.0
2,WACM,WALC,-407.0,407.0,100.0
2,WACM,WAUW,-87.54988800000001,318.0,27.531411320754724
3,AESO,BCHA,-202.96578950000162,1418.950043,14.303941883033694
3,AESO,NWMT,875.0,875.0,100.0
3,AVA,BPAT,-1250.0,1250.0,100.0
3,AVA,CHPD,-135.0,135.0,100.0
3,AVA,DOPD,-1228.0,1228.0,100.0
3,AVA,GCPD,1579.0,1579.0,100.0
3,AVA,IPCO,407.0019877,601.0,67.72079662229616
3,AVA,NWMT,97.47801230000005,395.0,24.67797779746837
3,AVA,PACW,1185.0,1185.0,100.0
3,AVA,PGE,-355.0,355.0,100.0
3,AVA,SCL,-119.5,119.5,100.0
3,AVA,TPWR,-30.0,30.0,100.0
3,AZPS,CISO,-1209.75,1209.75,100.0
3,AZPS,IID,-159.45999999999992,171.0,93.25146198830406
3,AZPS,LDWP,-200.39499999999998,1947.0,10.292501284026708
3,AZPS,PACE,866.0,866.0,100.0
3,AZPS,PNM,371.92700000000013,1348.0,27.591023738872412
3,AZPS,SRP,1250.0,1250.0,100.0
3,AZPS,TEPC,1475.5,1475.5,100.0
3,AZPS,WACM,1200.0,1200.0,100.0
3,AZPS,WALC,-1250.0,1250.0,100.0
3,BANC,BPAT,-1154.75,1154.75,100.0
3,BANC,CISO,-808.2000123,808.2000123,100.0
3,BANC,PACW,1010.6300123000001,1361.0,74.25643000000001
3,BCHA,BPAT,1527.75,1527.75,100.0
3,BPAT,CHPD,1073.2300031,1115.5,96.2106681398476
3,BPAT,DOPD,-1250.0,1250.0,100.0
3,BPAT,GCPD,-1624.8600000000001,1987.950016,81.73545546529476
3,BPAT,IPCO,-1072.0119999999997,1314.0,81.58386605783863
3,BPAT,LDWP,1610.0,1610.0,100.0
3,BPAT,NWMT,1250.0,1250.0,100.0
3,BPAT,PACW,-1250.0,1250.0,100.0
3,BPAT,PGE,-214.2840000000001,1250.0,17.142720000000008
3,BPAT,PSEI,-1250.0,1250.0,100.0
3,BPAT,SCL,414.81999999999994,1811.949997,22.89356774120737
3,BPAT,TPWR,588.6359969000005,1250.0,47.090879752000035
3,CENACE,CISO,-597.47,994.0,60.107645875251514
3,CHPD,DOPD,1269.0,1269.0,100.0
3,CHPD,PSEI,-693.6999969,693.6999969,100.0
3,CISO,IID,788.75,788.75,100.0
3,CISO,LDWP,1250.0,1250.0,100.0
3,CISO,NEVP,1034.24999,1034.24999,100.0
3,CISO,SRP,1250.0,1250.0,100.0
3,CISO,WALC,664.0,664.0,100.0
3,DOPD,GCPD,348.0,348.0,100.0
3,DOPD,PACW,-1527.5,1527.5,100.0
3,DOPD,PGE,582.0,582.0,100.0
3,DOPD,PSEI,-243.97000000000025,330.7999878,73.75151420728083
3,DOPD,TPWR,-649.0,649.0,100.0
3,EPE,PNM,-298.8699999999999,1442.0,20.7260748959778
3,EPE,TEPC,1387.0,1387.0,100.0
3,GCPD,PACW,625.0,625.0,100.0
3,GCPD,PSEI,-637.0,637.0,100.0
3,IID,WALC,330.0,330.0,100.0
3,IPCO,PACE,1250.0,1250.0,100.0
3,IPCO,PACW,-1759.3200123000001,1981.599976,88.78280347233917
3,LDWP,NEVP,1152.655,1857.450012,62.055774990083556
3,LDWP,PACE,600.0,600.0,100.0
3,LDWP,WALC,1913.0,1913.0,100.0
3,NEVP,PACE,717.0,717.0,100.0
3,NEVP,WALC,-640.0439122999983,1768.225037,36.19697147744879
3,NWMT,PACE,1106.700012,1106.700012,100.0
3,NWMT,WAUW,-338.51209969999996,1311.500002,25.811063605320527
3,PACE,WACM,1162.277999799999,1245.350002,93.32942529677686
3,PACE,WALC,-386.7999878,386.7999878,100.0
3,PACW,PGE,-1069.5,1069.5,100.0
3,PNM,TEPC,-1132.0,1132.0,100.0
3,PNM,WACM,1106.0,1106.0,100.0
3,PSCO,WACM,-1250.0,1250.0,100.0
3,PSEI,SCL,-1125.0,1125.0,100.0
3,PSEI,TPWR,-151.8459969000005,239.0,63.533889916318195
3,SCL,TPWR,-120.0,120.0,100.0
3,SRP,TEPC,-1568.0,1568.0,100.0
3,SRP,WALC,238.3179999999993,1722.5,13.835587808417957
3,TEPC,WALC,398.22000000000025,885.0,44.996610169491554
3,WACM,WALC,102.8849000999985,407.0,25.278845233414867
3,WACM,WAUW,235.20209969999996,318.0,73.96292443396226
4,AESO,BCHA,-246.8898684200002,1418.950043,17.39947573474933
4,AESO,NWMT,875.0,875.0,100.0
4,AVA,BPAT,-750.0600029999996,1250.0,60.004800239999966
4,AVA,CHPD,-135.0,135.0,100.0
4,AVA,DOPD,-217.36998469999992,1228.0,17.701138819218233
4,AVA,GCPD,1579.0,1579.0,100.0
4,AVA,IPCO,601.0,601.0,100.0
4,AVA,NWMT,395.0,395.0,100.0
4,AVA,PACW,-1114.7100123000005,1185.0,94.06835546835447
4,AVA,PGE,-355.0,355.0,100.0
4,AVA,SCL,119.5,119.5,100.0
4,AVA,TPWR,30.0,30.0,100.0
4,AZPS,CISO,-1209.75,1209.75,100.0
4,AZPS,IID,-145.10999999999996,171.0,84.85964912280699
4,AZPS,LDWP,-1466.5959022999982,1947.0,75.3259323215202
4,AZPS,PACE,866.0,866.0,100.0
4,AZPS,PNM,1348.0,1348.0,100.0
4,AZPS,SRP,-830.4290977000014,1250.0,66.43432781600012
4,AZPS,TEPC,1150.7270000000003,1475.5,77.98895289732296
4,AZPS,WACM,1200.0,1200.0,100.0
4,AZPS,WALC,1250.0,1250.0,100.0
4,BANC,BPAT,-1154.75,1154.75,100.0
4,BANC,CISO,-808.2000123,808.2000123,100.0
4,BANC,PACW,829.1600122999998,1361.0,60.922851748714166
4,BCHA,BPAT,1527.75,1527.75,100.0
4,BPAT,CHPD,-1115.5,1115.5,100.0
4,BPAT,DOPD,-1250.0,1250.0,100.0
4,BPAT,GCPD,-1578.1,1987.950016,79.38328364891845
4,BPAT,IPCO,-1314.0,1314.0,100.0
4,BPAT,LDWP,1124.9880122999998,1610.0,69.87503181987577
4,BPAT,NWMT,1250.0,1250.0,100.0
4,BPAT,PACW,1250.0,1250.0,100.0
4,BPAT,PGE,857.8360000000002,1250.0,68.62688000000003
4,BPAT,PSEI,1250.0,1250.0,100.0
4,BPAT,SCL,-1552.1040153,1811.949997,85.65931829629844
4,BPAT,TPWR,-94.3,1250.0,7.544
4,CENACE,CISO,-654.0,994.0,65.79476861167002
4,CHPD,DOPD,-997.9900031000001,1269.0,78.64381427107959
4,CHPD,PSEI,-693.6999969,693.6999969,100.0
4,CISO,IID,788.75,788.75,100.0
4,CISO,LDWP,1250.0,1250.0,100.0
4,CISO,NEVP,1034.24999,1034.24999,100.0
4,CISO,SRP,1250.0,1250.0,100.0
4,CISO,WALC,664.0,664.0,100.0
4,DOPD,GCPD,348.0,348.0,100.0
4,DOPD,PACW,-1527.5,1527.5,100.0
4,DOPD,PGE,-582.0,582.0,100.0
4,DOPD,PSEI,-330.7999878,330.7999878,100.0
4,DOPD,TPWR,-649.0,649.0,100.0
4,EPE,PNM,-319.47,1442.0,22.15464632454924
4,EPE,TEPC,1387.0,1387.0,100.0
4,GCPD,PACW,625.0,625.0,100.0
4,GCPD,PSEI,-637.0,637.0,100.0
4,IID,WALC,330.0,330.0,100.0
4,IPCO,PACE,1250.0,1250.0,100.0
4,IPCO,PACW,-1706.4599999999998,1981.599976,86.11526143861842
4,LDWP,NEVP,-736.8778899999984,1857.450012,39.67147892214708
4,LDWP,PACE,600.0,600.0,100.0
4,LDWP,WALC,1913.0,1913.0,100.0
4,NEVP,PACE,493.3371370000009,717.0,68.80573737796387
4,NEVP,WALC,-1768.225037,1768.225037,100.0
4,NWMT,PACE,1106.700012,1106.700012,100.0
4,NWMT,WAUW,54.29988799999997,1311.500002,4.1402888232706205
4,PACE,WACM,893.2151368000002,1245.350002,71.72402419926284
4,PACE,WALC,-386.7999878,386.7999878,100.0
4,PACW,PGE,-1069.5,1069.5,100.0
4,PNM,TEPC,-290.2270000000003,1132.0,25.638427561837485
4,PNM,WACM,1106.0,1106.0,100.0
4,PSCO,WACM,-1250.0,1250.0,100.0
4,PSEI,SCL,846.5440153,1125.0,75.24835691555555
4,PSEI,TPWR,239.0,239.0,100.0
4,SCL,TPWR,120.0,120.0,100.0
4,SRP,TEPC,-1568.0,1568.0,100.0
4,SRP,WALC,-1722.5,1722.5,100.0
4,TEPC,WALC,885.0,885.0,100.0
4,WACM,WALC,187.1340247999999,407.0,45.97887587223585
4,WACM,WAUW,-155.59988799999996,318.0,48.93078238993709
5,AESO,BCHA,-148.0785263200006,1418.950043,10.435781516798658
5,AESO,NWMT,875.0,875.0,100.0
5,AVA,BPAT,-1250.0,1250.0,100.0
5,AVA,CHPD,-135.0,135.0,100.0
5,AVA,DOPD,-1228.0,1228.0,100.0
5,AVA,GCPD,1579.0,1579.0,100.0
5,AVA,IPCO,129.19000000000005,601.0,21.49584026622297
5,AVA,NWMT,395.0,395.0,100.0
5,AVA,PACW,1185.0,1185.0,100.0
5,AVA,PGE,-355.0,355.0,100.0
5,AVA,SCL,-119.5,119.5,100.0
5,AVA,TPWR,-30.0,30.0,100.0
5,AZPS,CISO,-1209.75,1209.75,100.0
5,AZPS,IID,-171.0,171.0,100.0
5,AZPS,LDWP,-1765.0469999999996,1947.0,90.65469953775036
5,AZPS,PACE,866.0,866.0,100.0
5,AZPS,PNM,1348.0,1348.0,100.0
5,AZPS,SRP,-687.4980000000005,1250.0,54.99984000000004
5,AZPS,TEPC,1242.7470000000003,1475.5,84.22548288715691
5,AZPS,WACM,1200.0,1200.0,100.0
5,AZPS,WALC,1250.0,1250.0,100.0
5,BANC,BPAT,-1154.75,1154.75,100.0
5,BANC,CISO,-808.2000123,808.2000123,100.0
5,BANC,PACW,900.9500122999998,1361.0,66.19764969140336
5,BCHA,BPAT,1527.75,1527.75,100.0
5,BPAT,CHPD,-1115.5,1115.5,100.0
5,BPAT,DOPD,-184.06998470000008,1250.0,14.725598776000007
5,BPAT,GCPD,-1532.49,1987.950016,77.08896036951465
5,BPAT,IPCO,-1093.5799760000004,1314.0,83.22526453576869
5,BPAT,LDWP,1266.3691099999987,1610.0,78.65646645962725
5,BPAT,NWMT,1250.0,1250.0,100.0
5,BPAT,PACW,-859.8300363000001,1250.0,68.78640290400001
5,BPAT,PGE,889.3149023000014,1250.0,71.14519218400012
5,BPAT,PSEI,-791.7740152999997,1250.0,63.341921223999975
5,BPAT,SCL,646.1400000000001,1811.949997,35.65992444989089
5,BPAT,TPWR,-42.319999999999936,1250.0,3.385599999999995
5,CENACE,CISO,-695.5699999999999,994.0,69.976861167002
5,CHPD,DOPD,-1021.0000031000001,1269.0,80.45705304176516
5,CHPD,PSEI,-693.6999969,693.6999969,100.0
5,CISO,IID,788.75,788.75,100.0
5,CISO,LDWP,1250.0,1250.0,100.0
5,CISO,NEVP,1034.24999,1034.24999,100.0
5,CISO,SRP,1250.0,1250.0,100.0
5,CISO,WALC,664.0,664.0,100.0
5,DOPD,GCPD,348.0,348.0,100.0
5,DOPD,PACW,-1527.5,1527.5,100.0
5,DOPD,PGE,-582.0,582.0,100.0
5,DOPD,PSEI,-330.7999878,330.7999878,100.0
5,DOPD,TPWR,-649.0,649.0,100.0
5,EPE,PNM,-331.06999999999994,1442.0,22.959084604715667
5,EPE,TEPC,1387.0,1387.0,100.0
5,GCPD,PACW,625.0,625.0,100.0
5,GCPD,PSEI,-637.0,637.0,100.0
5,IID,WALC,289.85,330.0,87.83333333333334
5,IPCO,PACE,1250.0,1250.0,100.0
5,IPCO,PACW,-1981.599976,1981.599976,100.0
5,LDWP,NEVP,-951.0078900000008,1857.450012,51.19964918872879
5,LDWP,PACE,600.0,600.0,100.0
5,LDWP,WALC,1913.0,1913.0,100.0
5,NEVP,PACE,175.6371369999988,717.0,24.496113947001227
5,NEVP,WALC,-1768.225037,1768.225037,100.0
5,NWMT,PACE,1106.700012,1106.700012,100.0
5,NWMT,WAUW,190.39988799999998,1311.500002,14.5177192306249
5,PACE,WACM,756.3651367999998,1245.350002,60.73514558841266
5,PACE,WALC,-386.7999878,386.7999878,100.0
5,PACW,PGE,-1069.5,1069.5,100.0
5,PNM,TEPC,-381.2670000000003,1132.0,33.680830388692605
5,PNM,WACM,1106.0,1106.0,100.0
5,PSCO,WACM,-1250.0,1250.0,100.0
5,PSEI,SCL,-1125.0,1125.0,100.0
5,PSEI,TPWR,239.0,239.0,100.0
5,SCL,TPWR,120.0,120.0,100.0
5,SRP,TEPC,-1568.0,1568.0,100.0
5,SRP,WALC,-1722.5,1722.5,100.0
5,TEPC,WALC,885.0,885.0,100.0
5,WACM,WALC,306.4140247999994,407.0,75.28600117936104
5,WACM,WAUW,-290.10988799999996,318.0,91.22952452830188
6,AESO,BCHA,-79.78642105000006,1418.950043,5.622919668215554
6,AESO,NWMT,875.0,875.0,100.0
6,AVA,BPAT,-1212.639997,1250.0,97.01119976
6,AVA,CHPD,-135.0,135.0,100.0
6,AVA,DOPD,-1228.0,1228.0,100.0
6,AVA,GCPD,1579.0,1579.0,100.0
6,AVA,IPCO,-601.0,601.0,100.0
6,AVA,NWMT,395.0,395.0,100.0
6,AVA,PACW,1185.0,1185.0,100.0
6,AVA,PGE,355.0,355.0,100.0
6,AVA,SCL,-66.14000299999998,119.5,55.34728284518826
6,AVA,TPWR,-30.0,30.0,100.0
6,AZPS,CISO,-1209.75,1209.75,100.0
6,AZPS,IID,-140.4,171.0,82.10526315789474
6,AZPS,LDWP,-1727.9169999999997,1947.0,88.74766307139187
6,AZPS,PACE,866.0,866.0,100.0
6,AZPS,PNM,1348.0,1348.0,100.0
6,AZPS,SRP,-535.3180000000002,1250.0,42.825440000000015
6,AZPS,TEPC,1125.7070000000003,1475.5,76.29325652321249
6,AZPS,WACM,1200.0,1200.0,100.0
6,AZPS,WALC,1250.0,1250.0,100.0
6,BANC,BPAT,-1154.75,1154.75,100.0
6,BANC,CISO,-808.2000123,808.2000123,100.0
6,BANC,PACW,818.2600123000002,1361.0,60.12197004408525
6,BCHA,BPAT,1527.75,1527.75,100.0
6,BPAT,CHPD,-1115.5,1115.5,100.0
6,BPAT,DOPD,1250.0,1250.0,100.0
6,BPAT,GCPD,-1987.950016,1987.950016,100.0
6,BPAT,IPCO,592.3560037,1314.0,45.080365578386605
6,BPAT,LDWP,1491.4480123000003,1610.0,92.63652250310561
6,BPAT,NWMT,1250.0,1250.0,100.0
6,BPAT,PACW,-1250.0,1250.0,100.0
6,BPAT,PGE,163.12599999999975,1250.0,13.05007999999998
6,BPAT,PSEI,1250.0,1250.0,100.0
6,BPAT,SCL,-1811.949997,1811.949997,100.0
6,BPAT,TPWR,-1250.0,1250.0,100.0
6,CENACE,CISO,-747.4,994.0,75.19114688128774
6,CHPD,DOPD,-1027.8459878000003,1269.0,80.99653174152878
6,CHPD,PSEI,-645.1140121999997,693.6999969,92.9961100018566
6,CISO,IID,788.75,788.75,100.0
6,CISO,LDWP,1250.0,1250.0,100.0
6,CISO,NEVP,1034.24999,1034.24999,100.0
6,CISO,SRP,1250.0,1250.0,100.0
6,CISO,WALC,664.0,664.0,100.0
6,DOPD,GCPD,348.0,348.0,100.0
6,DOPD,PACW,-1395.2860000000003,1527.5,91.34441898527007
6,DOPD,PGE,-582.0,582.0,100.0
6,DOPD,PSEI,-330.7999878,330.7999878,100.0
6,DOPD,TPWR,649.0,649.0,100.0
6,EPE,PNM,-293.06999999999994,1442.0,20.323855755894588
6,EPE,TEPC,1387.0,1387.0,100.0
6,GCPD,PACW,178.88998400000014,625.0,28.622397440000025
6,GCPD,PSEI,-637.0,637.0,100.0
6,IID,WALC,330.0,330.0,100.0
6,IPCO,PACE,1250.0,1250.0,100.0
6,IPCO,PACW,-1311.4439963,1981.599976,66.181066420239
6,LDWP,NEVP,1857.450012,1857.450012,100.0
6,LDWP,PACE,600.0,600.0,100.0
6,LDWP,WALC,-497.56899969999927,1913.0,26.00987975431256
6,NEVP,PACE,-619.3668878000005,717.0,86.38310847977692
6,NEVP,WALC,1285.317987499999,1768.225037,72.68972899969174
6,NWMT,PACE,1087.9098999999999,1106.700012,98.30214947173957
6,NWMT,WAUW,221.65,1311.500002,16.900495589934433
6,PACE,WACM,124.61099999999965,1245.350002,10.00610268598206
6,PACE,WALC,-386.7999878,386.7999878,100.0
6,PACW,PGE,-1069.5,1069.5,100.0
6,PNM,TEPC,-299.5970000000002,1132.0,26.466166077738535
6,PNM,WACM,1106.0,1106.0,100.0
6,PSCO,WACM,-1250.0,1250.0,100.0
6,PSEI,SCL,1125.0,1125.0,100.0
6,PSEI,TPWR,239.0,239.0,100.0
6,SCL,TPWR,10.5,120.0,8.75
6,SRP,TEPC,-1568.0,1568.0,100.0
6,SRP,WALC,-1722.5,1722.5,100.0
6,TEPC,WALC,885.0,885.0,100.0
6,WACM,WALC,-407.0,407.0,100.0
6,WACM,WAUW,-318.0,318.0,100.0
7,AESO,BCHA,-27.28957895000076,1418.950043,1.923223378062279
7,AESO,NWMT,875.0,875.0,100.0
7,AVA,BPAT,-1190.570107,1250.0,95.24560856000001
7,AVA,CHPD,-135.0,135.0,100.0
7,AVA,DOPD,-1162.9399847,1228.0,94.7019531514658
7,AVA,GCPD,1236.4900159999997,1579.0,78.30842406586446
7,AVA,IPCO,601.0,601.0,100.0
7,AVA,NWMT,230.14011200000004,395.0,58.26331949367089
7,AVA,PACW,553.0999637000002,1185.0,46.67510242194094
7,AVA,PGE,355.0,355.0,100.0
7,AVA,SCL,-119.5,119.5,100.0
7,AVA,TPWR,30.0,30.0,100.0
7,AZPS,CISO,-1209.75,1209.75,100.0
7,AZPS,IID,-94.05999999999995,171.0,55.005847953216346
7,AZPS,LDWP,-1588.0770000000002,1947.0,81.56533127889061
7,AZPS,PACE,866.0,866.0,100.0
7,AZPS,PNM,655.4370000000004,1348.0,48.622922848664714
7,AZPS,SRP,-440.8279999999995,1250.0,35.26623999999996
7,AZPS,TEPC,1475.5,1475.5,100.0
7,AZPS,WACM,1200.0,1200.0,100.0
7,AZPS,WALC,1250.0,1250.0,100.0
7,BANC,BPAT,-1154.75,1154.75,100.0
7,BANC,CISO,-808.2000123,808.2000123,100.0
7,BANC,PACW,894.3800123000001,1361.0,65.71491640705365
7,BCHA,BPAT,1527.75,1527.75,100.0
7,BPAT,CHPD,-1115.5,1115.5,100.0
7,BPAT,DOPD,-1250.0,1250.0,100.0
7,BPAT,GCPD,-1987.950016,1987.950016,100.0
7,BPAT,IPCO,-1065.4499760000003,1314.0,81.08447305936075
7,BPAT,LDWP,1610.0,1610.0,100.0
7,BPAT,NWMT,1250.0,1250.0,100.0
7,BPAT,PACW,1250.0,1250.0,100.0
7,BPAT,PGE,368.1039003000001,1250.0,29.448312024000007
7,BPAT,PSEI,-1250.0,1250.0,100.0
7,BPAT,SCL,461.9959846999998,1811.949997,25.497170753327346
7,BPAT,TPWR,-172.30999999999995,1250.0,13.784799999999994
7,CENACE,CISO,-771.81,994.0,77.64688128772636
7,CHPD,DOPD,-917.0900031,1269.0,72.26871576832151
7,CHPD,PSEI,-693.6999969,693.6999969,100.0
7,CISO,IID,788.75,788.75,100.0
7,CISO,LDWP,1250.0,1250.0,100.0
7,CISO,NEVP,1034.24999,1034.24999,100.0
7,CISO,SRP,1250.0,1250.0,100.0
7,CISO,WALC,664.0,664.0,100.0
7,DOPD,GCPD,-348.0,348.0,100.0
7,DOPD,PACW,-1527.5,1527.5,100.0
7,DOPD,PGE,-582.0,582.0,100.0
7,DOPD,PSEI,-330.7999878,330.7999878,100.0
7,DOPD,TPWR,-649.0,649.0,100.0
7,EPE,PNM,-375.6400000000001,1442.0,26.049930651872405
7,EPE,TEPC,1387.0,1387.0,100.0
7,GCPD,PACW,-625.0,625.0,100.0
7,GCPD,PSEI,-637.0,637.0,100.0
7,IID,WALC,330.0,330.0,100.0
7,IPCO,PACE,1250.0,1250.0,100.0
7,IPCO,PACW,-1981.599976,1981.599976,100.0
7,LDWP,NEVP,-125.91464100534085,1857.450012,6.778897961822558
7,LDWP,PACE,600.0,600.0,100.0
7,LDWP,WALC,1913.0,1913.0,100.0
7,NEVP,PACE,-349.2069997999992,717.0,48.7039051324964
7,NEVP,WALC,-832.5110122000001,1768.225037,47.08173421254413
7,NWMT,PACE,1106.700012,1106.700012,100.0
7,NWMT,WAUW,210.56,1311.500002,16.05489894616104
7,PACE,WACM,-28.46899999999937,1245.350002,2.2860240056433043
7,PACE,WALC,-386.7999878,386.7999878,100.0
7,PACW,PGE,-1069.5,1069.5,100.0
7,PNM,TEPC,-1132.0,1132.0,100.0
7,PNM,WACM,1106.0,1106.0,100.0
7,PSCO,WACM,-1250.0,1250.0,100.0
7,PSEI,SCL,-1122.2459847,1125.0,99.75519864
7,PSEI,TPWR,239.0,239.0,100.0
7,SCL,TPWR,120.0,120.0,100.0
7,SRP,TEPC,-1147.95,1568.0,73.21109693877551
7,SRP,WALC,-1722.5,1722.5,100.0
7,TEPC,WALC,885.0,885.0,100.0
7,WACM,WALC,-407.0,407.0,100.0
7,WACM,WAUW,-318.0,318.0,100.0
8,AESO,BCHA,-435.37642104999986,1418.950043,30.682998545143274
8,AESO,NWMT,760.4780997000003,875.0,86.91178282285718
8,AVA,BPAT,-1250.0,1250.0,100.0
8,AVA,CHPD,-135.0,135.0,100.0
8,AVA,DOPD,-1228.0,1228.0,100.0
8,AVA,GCPD,1579.0,1579.0,100.0
8,AVA,IPCO,601.0,601.0,100.0
8,AVA,NWMT,283.1420122999998,395.0,71.68152210126577
8,AVA,PACW,990.8079877,1185.0,83.6124884135021
8,AVA,PGE,-355.0,355.0,100.0
8,AVA,SCL,-119.5,119.5,100.0
8,AVA,TPWR,-30.0,30.0,100.0
8,AZPS,CISO,-1209.75,1209.75,100.0
8,AZPS,IID,43.66000000000008,171.0,25.532163742690106
8,AZPS,LDWP,-1468.3998223594958,1947.0,75.41858358292222
8,AZPS,PACE,866.0,866.0,100.0
8,AZPS,PNM,1340.3098223594961,1348.0,99.42951204447301
8,AZPS,SRP,-827.4480000000003,1250.0,66.19584000000003
8,AZPS,TEPC,1475.5,1475.5,100.0
8,AZPS,WACM,1200.0,1200.0,100.0
8,AZPS,WALC,1250.0,1250.0,100.0
8,BANC,BPAT,-1154.75,1154.75,100.0
8,BANC,CISO,-808.2000123,808.2000123,100.0
8,BANC,PACW,738.3900123000003,1361.0,54.2534909845702
8,BCHA,BPAT,1527.75,1527.75,100.0
8,BPAT,CHPD,-1115.5,1115.5,100.0
8,BPAT,DOPD,669.3820041999995,1250.0,53.55056033599996
8,BPAT,GCPD,-1987.950016,1987.950016,100.0
8,BPAT,IPCO,-848.559976,1314.0,64.57838477929985
8,BPAT,LDWP,1610.0,1610.0,100.0
8,BPAT,NWMT,1250.0,1250.0,100.0
8,BPAT,PACW,-1250.0,1250.0,100.0
8,BPAT,PGE,771.3279999999997,1250.0,61.70623999999998
8,BPAT,PSEI,765.3399848000004,1250.0,61.227198784000024
8,BPAT,SCL,-1811.949997,1811.949997,100.0
8,BPAT,TPWR,-97.26999999999998,1250.0,7.781599999999998
8,CENACE,CISO,-603.8599999999999,994.0,60.75050301810864
8,CHPD,DOPD,-1269.0,1269.0,100.0
8,CHPD,PSEI,-487.5,693.6999969,70.27533547333653
8,CISO,IID,788.75,788.75,100.0
8,CISO,LDWP,1250.0,1250.0,100.0
8,CISO,NEVP,1034.24999,1034.24999,100.0
8,CISO,SRP,1250.0,1250.0,100.0
8,CISO,WALC,664.0,664.0,100.0
8,DOPD,GCPD,348.0,348.0,100.0
8,DOPD,PACW,-538.3980080000003,1527.5,35.247005433715245
8,DOPD,PGE,-582.0,582.0,100.0
8,DOPD,PSEI,-330.7999878,330.7999878,100.0
8,DOPD,TPWR,-649.0,649.0,100.0
8,EPE,PNM,-378.1600000000001,1442.0,26.224687933425805
8,EPE,TEPC,1387.0,1387.0,100.0
8,GCPD,PACW,573.739984,625.0,91.79839744000002
8,GCPD,PSEI,-637.0,637.0,100.0
8,IID,WALC,330.0,330.0,100.0
8,IPCO,PACE,1250.0,1250.0,100.0
8,IPCO,PACW,-1981.599976,1981.599976,100.0
8,LDWP,NEVP,1857.450012,1857.450012,100.0
8,LDWP,PACE,600.0,600.0,100.0
8,LDWP,WALC,601.8001656405045,1913.0,31.458450896001278
8,NEVP,PACE,717.0,717.0,100.0
8,NEVP,WALC,-281.29399799999965,1768.225037,15.908269146400492
8,NWMT,PACE,1106.700012,1106.700012,100.0
8,NWMT,WAUW,216.76,1311.500002,16.52764008154382
8,PACE,WACM,31.945179640505103,1245.350002,2.5651567502470765
8,PACE,WALC,-25.12716764050475,386.7999878,6.496165572139853
8,PACW,PGE,-1069.5,1069.5,100.0
8,PNM,TEPC,-865.6233135580451,1132.0,76.46849059700045
8,PNM,WACM,1106.0,1106.0,100.0
8,PSCO,WACM,-1250.0,1250.0,100.0
8,PSEI,SCL,1034.5299969999996,1125.0,91.95822195555552
8,PSEI,TPWR,239.0,239.0,100.0
8,SCL,TPWR,120.0,120.0,100.0
8,SRP,TEPC,-1568.0,1568.0,100.0
8,SRP,WALC,-1722.5,1722.5,100.0
8,TEPC,WALC,885.0,885.0,100.0
8,WACM,WALC,-407.0,407.0,100.0
8,WACM,WAUW,-318.0,318.0,100.0
9,AESO,BCHA,-977.4514199146552,1418.950043,68.88554144218418
9,AESO,NWMT,875.0,875.0,100.0
9,AVA,BPAT,-1250.0,1250.0,100.0
9,AVA,CHPD,-135.0,135.0,100.0
9,AVA,DOPD,-1228.0,1228.0,100.0
9,AVA,GCPD,1535.980016,1579.0,97.27549183027232
9,AVA,IPCO,601.0,601.0,100.0
9,AVA,NWMT,45.47011199999997,395.0,11.511420759493664
9,AVA,PACW,1185.0,1185.0,100.0
9,AVA,PGE,-321.8001280000001,355.0,90.64792338028171
9,AVA,SCL,-119.5,119.5,100.0
9,AVA,TPWR,30.0,30.0,100.0
9,AZPS,CISO,-1209.75,1209.75,100.0
9,AZPS,IID,148.13000000000022,171.0,86.62573099415218
9,AZPS,LDWP,-1078.2369999999987,1947.0,55.37940421160753
9,AZPS,PACE,866.0,866.0,100.0
9,AZPS,PNM,1348.0,1348.0,100.0
9,AZPS,SRP,-1115.5280000000002,1250.0,89.24224000000002
9,AZPS,TEPC,1302.646999999999,1475.5,88.28512368688574
9,AZPS,WACM,1200.0,1200.0,100.0
9,AZPS,WALC,1250.0,1250.0,100.0
9,BANC,BPAT,-82.63004703534489,1154.75,7.155665471776998
9,BANC,CISO,312.82004703534494,808.2000123,38.70577113023201
9,BANC,PACW,-1361.0,1361.0,100.0
9,BCHA,BPAT,1505.9481590353446,1527.75,98.57294446312189
9,BPAT,CHPD,1108.6599878000002,1115.5,99.38682095921114
9,BPAT,DOPD,-1250.0,1250.0,100.0
9,BPAT,GCPD,-1987.950016,1987.950016,100.0
9,BPAT,IPCO,-915.539976,1314.0,69.67579726027398
9,BPAT,LDWP,1610.0,1610.0,100.0
9,BPAT,NWMT,1250.0,1250.0,100.0
9,BPAT,PACW,1028.1299881999998,1250.0,82.25039905599999
9,BPAT,PGE,588.678128,1250.0,47.09425024
9,BPAT,PSEI,-1250.0,1250.0,100.0
9,BPAT,SCL,301.3100000000002,1811.949997,16.62904608288703
9,BPAT,TPWR,-1250.0,1250.0,100.0
9,CENACE,CISO,-464.9399999999998,994.0,46.77464788732393
9,CHPD,DOPD,1269.0,1269.0,100.0
9,CHPD,PSEI,-676.4000121999997,693.6999969,97.50612876210029
9,CISO,IID,788.75,788.75,100.0
9,CISO,LDWP,1250.0,1250.0,100.0
9,CISO,NEVP,1034.24999,1034.24999,100.0
9,CISO,SRP,1250.0,1250.0,100.0
9,CISO,WALC,664.0,664.0,100.0
9,DOPD,GCPD,348.0,348.0,100.0
9,DOPD,PACW,-990.3700121999999,1527.5,64.83600734533552
9,DOPD,PGE,-582.0,582.0,100.0
9,DOPD,PSEI,-330.7999878,330.7999878,100.0
9,DOPD,TPWR,428.3800000000001,649.0,66.00616332819725
9,EPE,PNM,-297.6099999999999,1442.0,20.638696255201104
9,EPE,TEPC,1387.0,1387.0,100.0
9,GCPD,PACW,625.0,625.0,100.0
9,GCPD,PSEI,-637.0,637.0,100.0
9,IID,WALC,330.0,330.0,100.0
9,IPCO,PACE,1250.0,1250.0,100.0
9,IPCO,PACW,-1981.599976,1981.599976,100.0
9,LDWP,NEVP,890.9930000000015,1857.450012,47.96861257335422
9,LDWP,PACE,600.0,600.0,100.0
9,LDWP,WALC,1913.0,1913.0,100.0
9,NEVP,PACE,717.0,717.0,100.0
9,NEVP,WALC,-1510.0580119999995,1768.225037,85.39965108524812
9,NWMT,PACE,1106.700012,1106.700012,100.0
9,NWMT,WAUW,208.53,1311.500002,15.900114348608287
9,PACE,WACM,36.34100000000012,1245.350002,2.918135459239364
9,PACE,WALC,-149.43298800000048,386.7999878,38.6331418596804
9,PACW,PGE,-1069.5,1069.5,100.0
9,PNM,TEPC,-819.1569999999992,1132.0,72.36369257950524
9,PNM,WACM,1106.0,1106.0,100.0
9,PSCO,WACM,-1250.0,1250.0,100.0
9,PSEI,SCL,-1125.0,1125.0,100.0
9,PSEI,TPWR,239.0,239.0,100.0
9,SCL,TPWR,120.0,120.0,100.0
9,SRP,TEPC,-1568.0,1568.0,100.0
9,SRP,WALC,-1722.5,1722.5,100.0
9,TEPC,WALC,885.0,885.0,100.0
9,WACM,WALC,-407.0,407.0,100.0
9,WACM,WAUW,-318.0,318.0,100.0
10,AESO,BCHA,-1141.4673418249993,1418.950043,80.44450524922387
10,AESO,NWMT,875.0,875.0,100.0
10,AVA,BPAT,-1250.0,1250.0,100.0
10,AVA,CHPD,-135.0,135.0,100.0
10,AVA,DOPD,-23.990111999999954,1228.0,1.9535921824104197
10,AVA,GCPD,1579.0,1579.0,100.0
10,AVA,IPCO,-601.0,601.0,100.0
10,AVA,NWMT,122.50011199999994,395.0,31.012686582278466
10,AVA,PACW,1185.0,1185.0,100.0
10,AVA,PGE,-355.0,355.0,100.0
10,AVA,SCL,-119.5,119.5,100.0
10,AVA,TPWR,30.0,30.0,100.0
10,AZPS,CISO,-1209.75,1209.75,100.0
10,AZPS,IID,113.04000000000008,171.0,66.10526315789478
10,AZPS,LDWP,-1237.2543948673965,1947.0,63.546707491905316
10,AZPS,PACE,866.0,866.0,100.0
10,AZPS,PNM,1348.0,1348.0,100.0
10,AZPS,SRP,1250.0,1250.0,100.0
10,AZPS,TEPC,-1186.7790657537794,1475.5,80.43233248077122
10,AZPS,WACM,1200.0,1200.0,100.0
10,AZPS,WALC,1250.0,1250.0,100.0
10,BANC,BPAT,-1154.75,1154.75,100.0
10,BANC,CISO,808.2000123,808.2000123,100.0
10,BANC,PACW,-546.9000123,1361.0,40.18368936811168
10,BCHA,BPAT,1522.0743423850004,1527.75,99.62849565603014
10,BPAT,CHPD,1058.4399878000004,1115.5,94.8848039264904
10,BPAT,DOPD,-1250.0,1250.0,100.0
10,BPAT,GCPD,-1888.9398875000002,1987.950016,95.0194860181032
10,BPAT,IPCO,-39.993757914999605,1314.0,3.043664985920822
10,BPAT,LDWP,1610.0,1610.0,100.0
10,BPAT,NWMT,1250.0,1250.0,100.0
10,BPAT,PACW,-1250.0,1250.0,100.0
10,BPAT,PGE,972.1979999999999,1250.0,77.77583999999999
10,BPAT,PSEI,-1250.0,1250.0,100.0
10,BPAT,SCL,275.31999999999994,1811.949997,15.194679790051621
10,BPAT,TPWR,-1250.0,1250.0,100.0
10,CENACE,CISO,-309.4299999999996,994.0,31.129778672032156
10,CHPD,DOPD,1269.0,1269.0,100.0
10,CHPD,PSEI,-572.4400121999995,693.6999969,82.5198233758273
10,CISO,IID,788.75,788.75,100.0
10,CISO,LDWP,1250.0,1250.0,100.0
10,CISO,NEVP,1034.24999,1034.24999,100.0
10,CISO,SRP,1250.0,1250.0,100.0
10,CISO,WALC,664.0,664.0,100.0
10,DOPD,GCPD,159.68988750000005,348.0,45.88789870689657
10,DOPD,PACW,391.4399883000001,1527.5,25.626185813420626
10,DOPD,PGE,-582.0,582.0,100.0
10,DOPD,PSEI,-330.7999878,330.7999878,100.0
10,DOPD,TPWR,420.26,649.0,64.75500770416025
10,EPE,PNM,1442.0,1442.0,100.0
10,EPE,TEPC,-223.74,1387.0,16.13121845710166
10,GCPD,PACW,625.0,625.0,100.0
10,GCPD,PSEI,-637.0,637.0,100.0
10,IID,WALC,330.0,330.0,100.0
10,IPCO,PACE,1250.0,1250.0,100.0
10,IPCO,PACW,-1981.599976,1981.599976,100.0
10,LDWP,NEVP,1857.450012,1857.450012,100.0
10,LDWP,PACE,600.0,600.0,100.0
10,LDWP,WALC,686.7829857999989,1913.0,35.9008356403554
10,NEVP,PACE,717.0,717.0,100.0
10,NEVP,WALC,-925.693997999999,1768.225037,52.35159431802566
10,NWMT,PACE,1106.700012,1106.700012,100.0
10,NWMT,WAUW,206.01,1311.500002,15.707967951646253
10,PACE,WACM,550.0979998,1245.350002,44.1721603498259
10,PACE,WALC,-386.7999878,386.7999878,100.0
10,PACW,PGE,-1069.5,1069.5,100.0
10,PNM,TEPC,642.1599997999976,1132.0,56.72791517667824
10,PNM,WACM,1089.1030002000007,1106.0,98.47224233273062
10,PSCO,WACM,-1250.0,1250.0,100.0
10,PSEI,SCL,-1125.0,1125.0,100.0
10,PSEI,TPWR,239.0,239.0,100.0
10,SCL,TPWR,120.0,120.0,100.0
10,SRP,TEPC,884.599065953782,1568.0,56.41575675725651
10,SRP,WALC,-1722.5,1722.5,100.0
10,TEPC,WALC,885.0,885.0,100.0
10,WACM,WALC,407.0,407.0,100.0
10,WACM,WAUW,-318.0,318.0,100.0
11,AESO,BCHA,-815.1569473700001,1418.950043,57.44789616740581
11,AESO,NWMT,875.0,875.0,100.0
11,AVA,BPAT,-1250.0,1250.0,100.0
11,AVA,CHPD,-135.0,135.0,100.0
11,AVA,DOPD,-1204.3801119999998,1228.0,98.07655635179152
11,AVA,GCPD,1579.0,1579.0,100.0
11,AVA,IPCO,601.0,601.0,100.0
11,AVA,NWMT,129.3001119999999,395.0,32.73420556962023
11,AVA,PACW,1185.0,1185.0,100.0
11,AVA,PGE,-355.0,355.0,100.0
11,AVA,SCL,-119.5,119.5,100.0
11,AVA,TPWR,-30.0,30.0,100.0
11,AZPS,CISO,-1209.75,1209.75,100.0
11,AZPS,IID,-8.65,171.0,5.058479532163743
11,AZPS,LDWP,-573.0240249999997,1947.0,29.431126091422687
11,AZPS,PACE,105.81702500000097,866.0,12.21905600461905
11,AZPS,PNM,1348.0,1348.0,100.0
11,AZPS,SRP,-857.0080000000007,1250.0,68.56064000000006
11,AZPS,TEPC,740.5770000000002,1475.5,50.19159606912912
11,AZPS,WACM,1200.0,1200.0,100.0
11,AZPS,WALC,1250.0,1250.0,100.0
11,BANC,BPAT,-1154.75,1154.75,100.0
11,BANC,CISO,808.2000123,808.2000123,100.0
11,BANC,PACW,-104.2600123000002,1361.0,7.660544621601778
11,BCHA,BPAT,1527.75,1527.75,100.0
11,BPAT,CHPD,749.9100031000003,1115.5,67.22635617212015
11,BPAT,DOPD,-1250.0,1250.0,100.0
11,BPAT,GCPD,-1987.950016,1987.950016,100.0
11,BPAT,IPCO,-1172.8381003000004,1314.0,89.25708525875193
11,BPAT,LDWP,1610.0,1610.0,100.0
11,BPAT,NWMT,1250.0,1250.0,100.0
11,BPAT,PACW,205.34000430000015,1250.0,16.427200344000013
11,BPAT,PGE,-308.5119999999997,1250.0,24.680959999999978
11,BPAT,PSEI,933.1599816999997,1250.0,74.65279853599998
11,BPAT,SCL,-1811.949997,1811.949997,100.0
11,BPAT,TPWR,-468.40987580000024,1250.0,37.472790064000016
11,CENACE,CISO,-165.17999999999984,994.0,16.61770623742453
11,CHPD,DOPD,1269.0,1269.0,100.0
11,CHPD,PSEI,-693.6999969,693.6999969,100.0
11,CISO,IID,788.75,788.75,100.0
11,CISO,LDWP,1250.0,1250.0,100.0
11,CISO,NEVP,1034.24999,1034.24999,100.0
11,CISO,SRP,1250.0,1250.0,100.0
11,CISO,WALC,664.0,664.0,100.0
11,DOPD,GCPD,348.0,348.0,100.0
11,DOPD,PACW,-1527.5,1527.5,100.0
11,DOPD,PGE,582.0,582.0,100.0
11,DOPD,PSEI,-330.7999878,330.7999878,100.0
11,DOPD,TPWR,-309.0301241999998,649.0,47.616351956856676
11,EPE,PNM,-13.779999999999973,1442.0,0.955617198335643
11,EPE,TEPC,1387.0,1387.0,100.0
11,GCPD,PACW,602.3799839999999,625.0,96.38079743999998
11,GCPD,PSEI,-637.0,637.0,100.0
11,IID,WALC,330.0,330.0,100.0
11,IPCO,PACE,1250.0,1250.0,100.0
11,IPCO,PACW,-1981.599976,1981.599976,100.0
11,LDWP,NEVP,1518.9659749999998,1857.450012,81.77695039902909
11,LDWP,PACE,600.0,600.0,100.0
11,LDWP,WALC,1913.0,1913.0,100.0
11,NEVP,PACE,717.0,717.0,100.0
11,NEVP,WALC,-1768.225037,1768.225037,100.0
11,NWMT,PACE,1106.700012,1106.700012,100.0
11,NWMT,WAUW,201.23000000000002,1311.500002,15.343499785980178
11,PACE,WACM,-117.31497519999948,1245.350002,9.42024129855821
11,PACE,WALC,-386.7999878,386.7999878,100.0
11,PACW,PGE,-1069.5,1069.5,100.0
11,PNM,TEPC,-603.0169999999996,1132.0,53.27005300353353
11,PNM,WACM,1106.0,1106.0,100.0
11,PSCO,WACM,-1250.0,1250.0,100.0
11,PSEI,SCL,931.3299969999998,1125.0,82.78488862222221
11,PSEI,TPWR,239.0,239.0,100.0
11,SCL,TPWR,120.0,120.0,100.0
11,SRP,TEPC,-1568.0,1568.0,100.0
11,SRP,WALC,-1722.5,1722.5,100.0
11,TEPC,WALC,885.0,885.0,100.0
11,WACM,WALC,-53.285975200000166,407.0,13.09237719901724
11,WACM,WAUW,-318.0,318.0,100.0
12,AESO,BCHA,-607.6316806855632,1418.950043,42.82262675019089
12,AESO,NWMT,725.5901242000002,875.0,82.92458562285717
12,AVA,BPAT,-1250.0,1250.0,100.0
12,AVA,CHPD,-135.0,135.0,100.0
12,AVA,DOPD,-182.7099877999999,1228.0,14.878663501628658
12,AVA,GCPD,1579.0,1579.0,100.0
12,AVA,IPCO,-601.0,601.0,100.0
12,AVA,NWMT,295.9499877999997,395.0,74.92404754430372
12,AVA,PACW,1185.0,1185.0,100.0
12,AVA,PGE,-355.0,355.0,100.0
12,AVA,SCL,-119.5,119.5,100.0
12,AVA,TPWR,-30.0,30.0,100.0
12,AZPS,CISO,-1209.75,1209.75,100.0
12,AZPS,IID,-136.69000000000005,171.0,79.93567251461991
12,AZPS,LDWP,-1118.491026799999,1947.0,57.44689403184381
12,AZPS,PACE,866.0,866.0,100.0
12,AZPS,PNM,-900.6730000000005,1348.0,66.8155044510386
12,AZPS,SRP,1250.0,1250.0,100.0
12,AZPS,TEPC,1366.9760268,1475.5,92.6449357370383
12,AZPS,WACM,1200.0,1200.0,100.0
12,AZPS,WALC,1250.0,1250.0,100.0
12,BANC,BPAT,-1154.75,1154.75,100.0
12,BANC,CISO,808.2000123,808.2000123,100.0
12,BANC,PACW,360.30998769999997,1361.0,26.473915334313002
12,BCHA,BPAT,1485.5210561544357,1527.75,97.23587341871612
12,BPAT,CHPD,-1115.5,1115.5,100.0
12,BPAT,DOPD,-1250.0,1250.0,100.0
12,BPAT,GCPD,-1973.37,1987.950016,99.2665803524911
12,BPAT,IPCO,-76.04691994556492,1314.0,5.787436829951669
12,BPAT,LDWP,1610.0,1610.0,100.0
12,BPAT,NWMT,1250.0,1250.0,100.0
12,BPAT,PACW,-358.8600117000001,1250.0,28.708800936000006
12,BPAT,PGE,776.098,1250.0,62.08783999999999
12,BPAT,PSEI,352.42998479999983,1250.0,28.194398783999986
12,BPAT,SCL,-1811.949997,1811.949997,100.0
12,BPAT,TPWR,46.82999999999993,1250.0,3.746399999999994
12,CENACE,CISO,17.9699999999998,994.0,1.8078470824949497
12,CHPD,DOPD,-1269.0,1269.0,100.0
12,CHPD,PSEI,88.95,693.6999969,12.822545826365708
12,CISO,IID,788.75,788.75,100.0
12,CISO,LDWP,1250.0,1250.0,100.0
12,CISO,NEVP,1034.24999,1034.24999,100.0
12,CISO,SRP,1250.0,1250.0,100.0
12,CISO,WALC,664.0,664.0,100.0
12,DOPD,GCPD,348.0,348.0,100.0
12,DOPD,PACW,-1527.5,1527.5,100.0
12,DOPD,PGE,-582.0,582.0,100.0
12,DOPD,PSEI,-330.7999878,330.7999878,100.0
12,DOPD,TPWR,-649.0,649.0,100.0
12,EPE,PNM,1442.0,1442.0,100.0
12,EPE,TEPC,40.960000000000036,1387.0,2.953136265320839
12,GCPD,PACW,625.0,625.0,100.0
12,GCPD,PSEI,-637.0,637.0,100.0
12,IID,WALC,330.0,330.0,100.0
12,IPCO,PACE,1250.0,1250.0,100.0
12,IPCO,PACW,-1981.599976,1981.599976,100.0
12,LDWP,NEVP,1857.450012,1857.450012,100.0
12,LDWP,PACE,276.4389612000009,600.0,46.07316020000015
12,LDWP,WALC,1913.0,1913.0,100.0
12,NEVP,PACE,197.51503900000034,717.0,27.54742524407257
12,NEVP,WALC,-1768.225037,1768.225037,100.0
12,NWMT,PACE,1106.700012,1106.700012,100.0
12,NWMT,WAUW,198.31,1311.500002,15.120853960928931
12,PACE,WACM,-498.51800000000026,1245.350002,40.030352848548056
12,PACE,WALC,-386.7999878,386.7999878,100.0
12,PACW,PGE,-1069.5,1069.5,100.0
12,PNM,TEPC,-1132.0,1132.0,100.0
12,PNM,WACM,1106.0,1106.0,100.0
12,PSCO,WACM,-1222.9509999999996,1250.0,97.83607999999997
12,PSEI,SCL,908.129997,1125.0,80.7226664
12,PSEI,TPWR,239.0,239.0,100.0
12,SCL,TPWR,120.0,120.0,100.0
12,SRP,TEPC,-34.91602479999915,1568.0,2.226787295918313
12,SRP,WALC,-1325.8159752000004,1722.5,76.9704484876633
12,TEPC,WALC,885.0,885.0,100.0
12,WACM,WALC,-407.0,407.0,100.0
12,WACM,WAUW,-318.0,318.0,100.0
13,AESO,BCHA,-770.9345856800016,1418.950043,54.3313409434811
13,AESO,NWMT,627.2601119999999,875.0,71.68686994285713
13,AVA,BPAT,-602.29,1250.0,48.1832
13,AVA,CHPD,135.0,135.0,100.0
13,AVA,DOPD,1228.0,1228.0,100.0
13,AVA,GCPD,1579.0,1579.0,100.0
13,AVA,IPCO,-601.0,601.0,100.0
13,AVA,NWMT,395.0,395.0,100.0
13,AVA,PACW,-1185.0,1185.0,100.0
13,AVA,PGE,-355.0,355.0,100.0
13,AVA,SCL,-119.5,119.5,100.0
13,AVA,TPWR,30.0,30.0,100.0
13,AZPS,CISO,-1209.75,1209.75,100.0
13,AZPS,IID,-171.0,171.0,100.0
13,AZPS,LDWP,-1185.3199880000002,1947.0,60.87930087313818
13,AZPS,PACE,866.0,866.0,100.0
13,AZPS,PNM,609.4449999999999,1348.0,45.2110534124629
13,AZPS,SRP,214.07698799999957,1250.0,17.126159039999965
13,AZPS,TEPC,1475.5,1475.5,100.0
13,AZPS,WACM,1200.0,1200.0,100.0
13,AZPS,WALC,1250.0,1250.0,100.0
13,BANC,BPAT,-1154.75,1154.75,100.0
13,BANC,CISO,808.2000123,808.2000123,100.0
13,BANC,PACW,983.7099877,1361.0,72.27847080822924
13,BCHA,BPAT,1229.5080123000012,1527.75,80.47835132056954
13,BPAT,CHPD,-1115.5,1115.5,100.0
13,BPAT,DOPD,-1250.0,1250.0,100.0
13,BPAT,GCPD,-1987.950016,1987.950016,100.0
13,BPAT,IPCO,149.84002830000077,1314.0,11.403350707762616
13,BPAT,LDWP,1610.0,1610.0,100.0
13,BPAT,NWMT,1250.0,1250.0,100.0
13,BPAT,PACW,-1250.0,1250.0,100.0
13,BPAT,PGE,727.848,1250.0,58.22784
13,BPAT,PSEI,1189.5399969999999,1250.0,95.16319975999998
13,BPAT,SCL,-1811.949997,1811.949997,100.0
13,BPAT,TPWR,74.86999999999989,1250.0,5.989599999999991
13,CENACE,CISO,175.03999999999996,994.0,17.609657947686113
13,CHPD,DOPD,-332.7699878000001,1269.0,26.223009282899927
13,CHPD,PSEI,-490.7000122,693.6999969,70.73663174179553
13,CISO,IID,695.52,788.75,88.18003169572107
13,CISO,LDWP,1250.0,1250.0,100.0
13,CISO,NEVP,1034.24999,1034.24999,100.0
13,CISO,SRP,1250.0,1250.0,100.0
13,CISO,WALC,664.0,664.0,100.0
13,DOPD,GCPD,-348.0,348.0,100.0
13,DOPD,PACW,1527.5,1527.5,100.0
13,DOPD,PGE,-582.0,582.0,100.0
13,DOPD,PSEI,-330.7999878,330.7999878,100.0
13,DOPD,TPWR,-649.0,649.0,100.0
13,EPE,PNM,1442.0,1442.0,100.0
13,EPE,TEPC,129.24,1387.0,9.317952415284788
13,GCPD,PACW,-82.08001600000011,625.0,13.132802560000018
13,GCPD,PSEI,-637.0,637.0,100.0
13,IID,WALC,330.0,330.0,100.0
13,IPCO,PACE,1250.0,1250.0,100.0
13,IPCO,PACW,-1803.9699716999994,1981.599976,91.03603116414246
13,LDWP,NEVP,1857.450012,1857.450012,100.0
13,LDWP,PACE,600.0,600.0,100.0
13,LDWP,WALC,1913.0,1913.0,100.0
13,NEVP,PACE,-142.93496100000038,717.0,19.935141004184153
13,NEVP,WALC,-1768.225037,1768.225037,100.0
13,NWMT,PACE,1106.700012,1106.700012,100.0
13,NWMT,WAUW,193.56,1311.500002,14.758673252369542
13,PACE,WACM,-563.0280000000005,1245.350002,45.21042270010776
13,PACE,WALC,-386.7999878,386.7999878,100.0
13,PACW,PGE,-1069.5,1069.5,100.0
13,PNM,TEPC,98.20999999999981,1132.0,8.675795053003517
13,PNM,WACM,1106.0,1106.0,100.0
13,PSCO,WACM,-1243.670999999999,1250.0,99.49367999999991
13,PSEI,SCL,918.2599969999999,1125.0,81.62311084444444
13,PSEI,TPWR,239.0,239.0,100.0
13,SCL,TPWR,120.0,120.0,100.0
13,SRP,TEPC,-1568.0,1568.0,100.0
13,SRP,WALC,-863.0549752,1722.5,50.10478811030479
13,TEPC,WALC,885.0,885.0,100.0
13,WACM,WALC,-407.0,407.0,100.0
13,WACM,WAUW,-318.0,318.0,100.0
14,AESO,BCHA,-582.2505140160004,1418.950043,41.03389804936214
14,AESO,NWMT,660.100112,875.0,75.4400128
14,AVA,BPAT,-1250.0,1250.0,100.0
14,AVA,CHPD,-135.0,135.0,100.0
14,AVA,DOPD,1228.0,1228.0,100.0
14,AVA,GCPD,1102.8700159999999,1579.0,69.84610614312855
14,AVA,IPCO,-601.0,601.0,100.0
14,AVA,NWMT,395.0,395.0,100.0
14,AVA,PACW,-20.73001179999983,1185.0,1.7493680843881712
14,AVA,PGE,-73.96000419999996,355.0,20.83380399999999
14,AVA,SCL,-119.5,119.5,100.0
14,AVA,TPWR,-30.0,30.0,100.0
14,AZPS,CISO,-1209.75,1209.75,100.0
14,AZPS,IID,-171.0,171.0,100.0
14,AZPS,LDWP,75.78197519999958,1947.0,3.8922432049306406
14,AZPS,PACE,866.0,866.0,100.0
14,AZPS,PNM,1348.0,1348.0,100.0
14,AZPS,SRP,1250.0,1250.0,100.0
14,AZPS,TEPC,174.59500000000003,1475.5,11.832937987123012
14,AZPS,WACM,1200.0,1200.0,100.0
14,AZPS,WALC,-507.52497520000065,1250.0,40.60199801600005
14,BANC,BPAT,-759.1000122999992,1154.75,65.73717361333615
14,BANC,CISO,808.2000123,808.2000123,100.0
14,BANC,PACW,1361.0,1361.0,100.0
14,BCHA,BPAT,971.4780122999998,1527.75,63.58880787432497
14,BPAT,CHPD,-1115.5,1115.5,100.0
14,BPAT,DOPD,-1250.0,1250.0,100.0
14,BPAT,GCPD,-1987.950016,1987.950016,100.0
14,BPAT,IPCO,96.440024,1314.0,7.339423439878234
14,BPAT,LDWP,1610.0,1610.0,100.0
14,BPAT,NWMT,1250.0,1250.0,100.0
14,BPAT,PACW,-1250.0,1250.0,100.0
14,BPAT,PGE,358.0880042000001,1250.0,28.647040336000007
14,BPAT,PSEI,-106.44001520000006,1250.0,8.515201216000005
14,BPAT,SCL,-1811.949997,1811.949997,100.0
14,BPAT,TPWR,823.8,1250.0,65.904
14,CENACE,CISO,187.4,994.0,18.85311871227364
14,CHPD,DOPD,-1269.0,1269.0,100.0
14,CHPD,PSEI,155.23000000000002,693.6999969,22.377108360053395
14,CISO,IID,593.6399999999999,788.75,75.2633914421553
14,CISO,LDWP,278.1290368000007,1250.0,22.250322944000054
14,CISO,NEVP,1034.24999,1034.24999,100.0
14,CISO,SRP,1250.0,1250.0,100.0
14,CISO,WALC,664.0,664.0,100.0
14,DOPD,GCPD,-348.0,348.0,100.0
14,DOPD,PACW,594.0899878,1527.5,38.892961558101476
14,DOPD,PGE,-582.0,582.0,100.0
14,DOPD,PSEI,-330.7999878,330.7999878,100.0
14,DOPD,TPWR,-649.0,649.0,100.0
14,EPE,PNM,277.26,1442.0,19.227461858529818
14,EPE,TEPC,1387.0,1387.0,100.0
14,GCPD,PACW,-625.0,625.0,100.0
14,GCPD,PSEI,-637.0,637.0,100.0
14,IID,WALC,330.0,330.0,100.0
14,IPCO,PACE,1250.0,1250.0,100.0
14,IPCO,PACW,-1981.599976,1981.599976,100.0
14,LDWP,NEVP,1857.450012,1857.450012,100.0
14,LDWP,PACE,600.0,600.0,100.0
14,LDWP,WALC,1913.0,1913.0,100.0
14,NEVP,PACE,-422.74496099999965,717.0,58.960245606694514
14,NEVP,WALC,-1768.225037,1768.225037,100.0
14,NWMT,PACE,1106.700012,1106.700012,100.0
14,NWMT,WAUW,195.61,1311.500002,14.914982821326753
14,PACE,WACM,-479.35899999999924,1245.350002,38.49190984302896
14,PACE,WALC,-386.7999878,386.7999878,100.0
14,PACW,PGE,-1069.5,1069.5,100.0
14,PNM,TEPC,-3.2250000000001364,1132.0,0.28489399293287426
14,PNM,WACM,1106.0,1106.0,100.0
14,PSCO,WACM,-1250.0,1250.0,100.0
14,PSEI,SCL,769.5699969999998,1125.0,68.40622195555554
14,PSEI,TPWR,-239.0,239.0,100.0
14,SCL,TPWR,-120.0,120.0,100.0
14,SRP,TEPC,-1568.0,1568.0,100.0
14,SRP,WALC,760.4400000000005,1722.5,44.147460087082756
14,TEPC,WALC,885.0,885.0,100.0
14,WACM,WALC,-407.0,407.0,100.0
14,WACM,WAUW,-318.0,318.0,100.0
15,AESO,BCHA,-770.8210403299988,1418.950043,54.323338875292514
15,AESO,NWMT,704.630112,875.0,80.52915565714287
15,AVA,BPAT,-948.6100091999999,1250.0,75.888800736
15,AVA,CHPD,135.0,135.0,100.0
15,AVA,DOPD,-811.8699877999998,1228.0,66.11319118892506
15,AVA,GCPD,1579.0,1579.0,100.0
15,AVA,IPCO,-601.0,601.0,100.0
15,AVA,NWMT,395.0,395.0,100.0
15,AVA,PACW,1185.0,1185.0,100.0
15,AVA,PGE,-355.0,355.0,100.0
15,AVA,SCL,-63.88000299999999,119.5,53.456069456066935
15,AVA,TPWR,30.0,30.0,100.0
15,AZPS,CISO,282.5909879999997,1209.75,23.359453440793526
15,AZPS,IID,-171.0,171.0,100.0
15,AZPS,LDWP,-1208.8789879999997,1947.0,62.089316281458636
15,AZPS,PACE,866.0,866.0,100.0
15,AZPS,PNM,1348.0,1348.0,100.0
15,AZPS,SRP,1250.0,1250.0,100.0
15,AZPS,TEPC,-1475.5,1475.5,100.0
15,AZPS,WACM,1200.0,1200.0,100.0
15,AZPS,WALC,1250.0,1250.0,100.0
15,BANC,BPAT,-24.030012299999953,1154.75,2.080970972071873
15,BANC,CISO,808.2000123,808.2000123,100.0
15,BANC,PACW,1361.0,1361.0,100.0
15,BCHA,BPAT,515.7780123,1527.75,33.760629180166916
15,BPAT,CHPD,-1115.5,1115.5,100.0
15,BPAT,DOPD,-1250.0,1250.0,100.0
15,BPAT,GCPD,-1987.950016,1987.950016,100.0
15,BPAT,IPCO,385.2100160000002,1314.0,29.315830745814324
15,BPAT,LDWP,1610.0,1610.0,100.0
15,BPAT,NWMT,1250.0,1250.0,100.0
15,BPAT,PACW,-1250.0,1250.0,100.0
15,BPAT,PGE,585.1779999999999,1250.0,46.81423999999999
15,BPAT,PSEI,617.5099878000003,1250.0,49.40079902400002
15,BPAT,SCL,-1811.949997,1811.949997,100.0
15,BPAT,TPWR,-64.67999999999984,1250.0,5.174399999999987
15,CENACE,CISO,187.07999999999993,994.0,18.82092555331991
15,CHPD,DOPD,-1269.0,1269.0,100.0
15,CHPD,PSEI,248.93000000000006,693.6999969,35.884388224364436
15,CISO,IID,507.51,788.75,64.34358161648177
15,CISO,LDWP,1250.0,1250.0,100.0
15,CISO,NEVP,1034.24999,1034.24999,100.0
15,CISO,SRP,271.9800247999997,1250.0,21.758401983999974
15,CISO,WALC,664.0,664.0,100.0
15,DOPD,GCPD,-348.0,348.0,100.0
15,DOPD,PACW,-1527.5,1527.5,100.0
15,DOPD,PGE,-582.0,582.0,100.0
15,DOPD,PSEI,-330.7999878,330.7999878,100.0
15,DOPD,TPWR,-649.0,649.0,100.0
15,EPE,PNM,360.6700000000001,1442.0,25.0117891816921
15,EPE,TEPC,1387.0,1387.0,100.0
15,GCPD,PACW,-141.90001600000005,625.0,22.70400256000001
15,GCPD,PSEI,-637.0,637.0,100.0
15,IID,WALC,330.0,330.0,100.0
15,IPCO,PACE,1250.0,1250.0,100.0
15,IPCO,PACW,-1603.119984,1981.599976,80.90028277230863
15,LDWP,NEVP,1857.450012,1857.450012,100.0
15,LDWP,PACE,600.0,600.0,100.0
15,LDWP,WALC,1913.0,1913.0,100.0
15,NEVP,PACE,-169.34699979999687,717.0,23.618828423988404
15,NEVP,WALC,-1768.225037,1768.225037,100.0
15,NWMT,PACE,1106.700012,1106.700012,100.0
15,NWMT,WAUW,193.97,1311.500002,14.789935166160983
15,PACE,WACM,-446.2789999999993,1245.350002,35.835628480610815
15,PACE,WALC,-386.7999878,386.7999878,100.0
15,PACW,PGE,-1069.5,1069.5,100.0
15,PNM,TEPC,330.68499999999995,1132.0,29.212455830388688
15,PNM,WACM,1106.0,1106.0,100.0
15,PSCO,WACM,-1250.0,1250.0,100.0
15,PSEI,SCL,1125.0,1125.0,100.0
15,PSEI,TPWR,239.0,239.0,100.0
15,SCL,TPWR,120.0,120.0,100.0
15,SRP,TEPC,-1568.0,1568.0,100.0
15,SRP,WALC,155.66002479999997,1722.5,9.03686646153846
15,TEPC,WALC,-270.94499999999994,885.0,30.61525423728813
15,WACM,WALC,-407.0,407.0,100.0
15,WACM,WAUW,-318.0,318.0,100.0
16,AESO,BCHA,-563.2263034900017,1418.950043,39.69317357355347
16,AESO,NWMT,791.240112,875.0,90.42744137142856
16,AVA,BPAT,-1250.0,1250.0,100.0
16,AVA,CHPD,-135.0,135.0,100.0
16,AVA,DOPD,275.96000000000026,1228.0,22.472312703583082
16,AVA,GCPD,1579.0,1579.0,100.0
16,AVA,IPCO,601.0,601.0,100.0
16,AVA,NWMT,395.0,395.0,100.0
16,AVA,PACW,-1185.0,1185.0,100.0
16,AVA,PGE,355.0,355.0,100.0
16,AVA,SCL,-119.5,119.5,100.0
16,AVA,TPWR,30.0,30.0,100.0
16,AZPS,CISO,1209.75,1209.75,100.0
16,AZPS,IID,-161.65903679999883,171.0,94.53744842105195
16,AZPS,LDWP,-1394.3989880000001,1947.0,71.61782167437083
16,AZPS,PACE,866.0,866.0,100.0
16,AZPS,PNM,1348.0,1348.0,100.0
16,AZPS,SRP,1250.0,1250.0,100.0
16,AZPS,TEPC,-1475.5,1475.5,100.0
16,AZPS,WACM,1200.0,1200.0,100.0
16,AZPS,WALC,683.2500247999985,1250.0,54.660001983999884
16,BANC,BPAT,1154.75,1154.75,100.0
16,BANC,CISO,808.2000123,808.2000123,100.0
16,BANC,PACW,863.5099877,1361.0,63.44672944158707
16,BCHA,BPAT,383.41801229999976,1527.75,25.096908021600377
16,BPAT,CHPD,-1115.5,1115.5,100.0
16,BPAT,DOPD,-1250.0,1250.0,100.0
16,BPAT,GCPD,-1987.950016,1987.950016,100.0
16,BPAT,IPCO,-1278.5999760000002,1314.0,97.30593424657535
16,BPAT,LDWP,1610.0,1610.0,100.0
16,BPAT,NWMT,1250.0,1250.0,100.0
16,BPAT,PACW,1250.0,1250.0,100.0
16,BPAT,PGE,-157.31199569999967,1250.0,12.584959655999976
16,BPAT,PSEI,-1250.0,1250.0,100.0
16,BPAT,SCL,540.2199877999999,1811.949997,29.814287849798752
16,BPAT,TPWR,-310.00998780000043,1250.0,24.800799024000035
16,CENACE,CISO,158.63999999999987,994.0,15.959758551307834
16,CHPD,DOPD,-1269.0,1269.0,100.0
16,CHPD,PSEI,-55.25999999999999,693.6999969,7.9659795656545125
16,CISO,IID,-221.49096320000115,788.75,28.08126316323311
16,CISO,LDWP,1250.0,1250.0,100.0
16,CISO,NEVP,1034.24999,1034.24999,100.0
16,CISO,SRP,1250.0,1250.0,100.0
16,CISO,WALC,664.0,664.0,100.0
16,DOPD,GCPD,348.0,348.0,100.0
16,DOPD,PACW,-1527.5,1527.5,100.0
16,DOPD,PGE,-582.0,582.0,100.0
16,DOPD,PSEI,-330.7999878,330.7999878,100.0
16,DOPD,TPWR,-411.0900121999996,649.0,63.34206659476111
16,EPE,PNM,1148.1749999999993,1442.0,79.62378640776694
16,EPE,TEPC,633.5850000000007,1387.0,45.680245133381455
16,GCPD,PACW,518.849984,625.0,83.01599743999999
16,GCPD,PSEI,-637.0,637.0,100.0
16,IID,WALC,-330.0,330.0,100.0
16,IPCO,PACE,1250.0,1250.0,100.0
16,IPCO,PACW,-1981.599976,1981.599976,100.0
16,LDWP,NEVP,1857.450012,1857.450012,100.0
16,LDWP,PACE,600.0,600.0,100.0
16,LDWP,WALC,1913.0,1913.0,100.0
16,NEVP,PACE,-136.15599979999752,717.0,18.98967919107357
16,NEVP,WALC,-1768.225037,1768.225037,100.0
16,NWMT,PACE,1106.700012,1106.700012,100.0
16,NWMT,WAUW,189.18,1311.500002,14.424704514792674
16,PACE,WACM,-366.89799999999946,1245.350002,29.461436496629123
16,PACE,WALC,-386.7999878,386.7999878,100.0
16,PACW,PGE,-1053.9300043,1069.5,98.54417992519869
16,PNM,TEPC,1132.0,1132.0,100.0
16,PNM,WACM,1106.0,1106.0,100.0
16,PSCO,WACM,-1203.841,1250.0,96.30727999999999
16,PSEI,SCL,-1030.3499878000002,1125.0,91.58666558222225
16,PSEI,TPWR,239.0,239.0,100.0
16,SCL,TPWR,120.0,120.0,100.0
16,SRP,TEPC,-1568.0,1568.0,100.0
16,SRP,WALC,1161.4400000000005,1722.5,67.42757619738755
16,TEPC,WALC,-77.91499999999905,885.0,8.803954802259781
16,WACM,WALC,-407.0,407.0,100.0
16,WACM,WAUW,-318.0,318.0,100.0
17,AESO,BCHA,-416.0335722099999,1418.950043,29.319818147396177
17,AESO,NWMT,875.0,875.0,100.0
17,AVA,BPAT,-1250.0,1250.0,100.0
17,AVA,CHPD,-135.0,135.0,100.0
17,AVA,DOPD,1087.9698719999997,1228.0,88.59689511400649
17,AVA,GCPD,1412.3000160000001,1579.0,89.44268625712478
17,AVA,IPCO,601.0,601.0,100.0
17,AVA,NWMT,322.0601120000001,395.0,81.53420556962028
17,AVA,PACW,-1185.0,1185.0,100.0
17,AVA,PGE,-355.0,355.0,100.0
17,AVA,SCL,-119.5,119.5,100.0
17,AVA,TPWR,-30.0,30.0,100.0
17,AZPS,CISO,1209.75,1209.75,100.0
17,AZPS,IID,171.0,171.0,100.0
17,AZPS,LDWP,965.3010120000004,1947.0,49.578891217257336
17,AZPS,PACE,866.0,866.0,100.0
17,AZPS,PNM,-1348.0,1348.0,100.0
17,AZPS,SRP,703.1309879999985,1250.0,56.25047903999988
17,AZPS,TEPC,-1475.5,1475.5,100.0
17,AZPS,WACM,1200.0,1200.0,100.0
17,AZPS,WALC,1250.0,1250.0,100.0
17,BANC,BPAT,1154.75,1154.75,100.0
17,BANC,CISO,808.2000123,808.2000123,100.0
17,BANC,PACW,1361.0,1361.0,100.0
17,BCHA,BPAT,456.27811199999996,1527.75,29.86601944035346
17,BPAT,CHPD,-1115.5,1115.5,100.0
17,BPAT,DOPD,-1087.7018566999996,1250.0,87.01614853599996
17,BPAT,GCPD,-1987.950016,1987.950016,100.0
17,BPAT,IPCO,1314.0,1314.0,100.0
17,BPAT,LDWP,1610.0,1610.0,100.0
17,BPAT,NWMT,1250.0,1250.0,100.0
17,BPAT,PACW,-1250.0,1250.0,100.0
17,BPAT,PGE,-1250.0,1250.0,100.0
17,BPAT,PSEI,-1250.0,1250.0,100.0
17,BPAT,SCL,633.6,1811.949997,34.967852371700964
17,BPAT,TPWR,490.2699846999999,1250.0,39.22159877599999
17,CENACE,CISO,168.7,994.0,16.971830985915492
17,CHPD,DOPD,-916.1600031000002,1269.0,72.19542971631206
17,CHPD,PSEI,-693.6999969,693.6999969,100.0
17,CISO,IID,74.82999999999993,788.75,9.48716323296354
17,CISO,LDWP,-1250.0,1250.0,100.0
17,CISO,NEVP,1034.24999,1034.24999,100.0
17,CISO,SRP,907.6029732000002,1250.0,72.60823785600002
17,CISO,WALC,538.2050247999998,664.0,81.05497361445781
17,DOPD,GCPD,-348.0,348.0,100.0
17,DOPD,PACW,703.3379999999997,1527.5,46.04504091653026
17,DOPD,PGE,-582.0,582.0,100.0
17,DOPD,PSEI,-330.7999878,330.7999878,100.0
17,DOPD,TPWR,-649.0,649.0,100.0
17,EPE,PNM,350.72,1442.0,24.321775312066578
17,EPE,TEPC,1387.0,1387.0,100.0
17,GCPD,PACW,-625.0,625.0,100.0
17,GCPD,PSEI,-637.0,637.0,100.0
17,IID,WALC,330.0,330.0,100.0
17,IPCO,PACE,1250.0,1250.0,100.0
17,IPCO,PACW,769.6699999999996,1981.599976,38.84083615875052
17,LDWP,NEVP,1857.450012,1857.450012,100.0
17,LDWP,PACE,600.0,600.0,100.0
17,LDWP,WALC,1913.0,1913.0,100.0
17,NEVP,PACE,541.0150390000003,717.0,75.45537503486756
17,NEVP,WALC,-1768.225037,1768.225037,100.0
17,NWMT,PACE,1106.700012,1106.700012,100.0
17,NWMT,WAUW,189.19,1311.500002,14.425467000494905
17,PACE,WACM,1093.8930388000006,1245.350002,87.8382010714447
17,PACE,WALC,-386.7999878,386.7999878,100.0
17,PACW,PGE,760.4079999999999,1069.5,71.09939223936418
17,PNM,TEPC,-957.2739611999989,1132.0,84.56483756183736
17,PNM,WACM,-223.83103879999987,1106.0,20.237887775768524
17,PSCO,WACM,-809.7610000000001,1250.0,64.78088000000001
17,PSEI,SCL,-1125.0,1125.0,100.0
17,PSEI,TPWR,-0.8499846999998226,239.0,0.3556421338911392
17,SCL,TPWR,-120.0,120.0,100.0
17,SRP,TEPC,746.5739611999988,1568.0,47.61313528061217
17,SRP,WALC,-1722.5,1722.5,100.0
17,TEPC,WALC,885.0,885.0,100.0
17,WACM,WALC,407.0,407.0,100.0
17,WACM,WAUW,-318.0,318.0,100.0
18,AESO,BCHA,223.5855263199997,1418.950043,15.757110507378144
18,AESO,NWMT,875.0,875.0,100.0
18,AVA,BPAT,-1250.0,1250.0,100.0
18,AVA,CHPD,-135.0,135.0,100.0
18,AVA,DOPD,1228.0,1228.0,100.0
18,AVA,GCPD,1579.0,1579.0,100.0
18,AVA,IPCO,174.34000000000015,601.0,29.0083194675541
18,AVA,NWMT,395.0,395.0,100.0
18,AVA,PACW,-1185.0,1185.0,100.0
18,AVA,PGE,-355.0,355.0,100.0
18,AVA,SCL,-119.5,119.5,100.0
18,AVA,TPWR,-30.0,30.0,100.0
18,AZPS,CISO,-622.652726300001,1209.75,51.469537201901296
18,AZPS,IID,-171.0,171.0,100.0
18,AZPS,LDWP,-77.79727369999932,1947.0,3.9957510888546133
18,AZPS,PACE,866.0,866.0,100.0
18,AZPS,PNM,1348.0,1348.0,100.0
18,AZPS,SRP,1250.0,1250.0,100.0
18,AZPS,TEPC,-1475.5,1475.5,100.0
18,AZPS,WACM,1200.0,1200.0,100.0
18,AZPS,WALC,1250.0,1250.0,100.0
18,BANC,BPAT,1154.75,1154.75,100.0
18,BANC,CISO,808.2000123,808.2000123,100.0
18,BANC,PACW,1361.0,1361.0,100.0
18,BCHA,BPAT,770.0356315800009,1527.75,50.40324867157591
18,BPAT,CHPD,-1115.5,1115.5,100.0
18,BPAT,DOPD,-1250.0,1250.0,100.0
18,BPAT,GCPD,-1987.950016,1987.950016,100.0
18,BPAT,IPCO,-1005.1224564199996,1314.0,76.49333762709281
18,BPAT,LDWP,1610.0,1610.0,100.0
18,BPAT,NWMT,1131.3601119999998,1250.0,90.50880895999998
18,BPAT,PACW,1054.2100041999997,1250.0,84.33680033599997
18,BPAT,PGE,564.2580000000003,1250.0,45.14064000000002
18,BPAT,PSEI,840.8799878,1250.0,67.270399024
18,BPAT,SCL,-1414.77,1811.949997,78.07996922334497
18,BPAT,TPWR,-1050.0900000000001,1250.0,84.00720000000001
18,CENACE,CISO,54.67000000000007,994.0,5.500000000000008
18,CHPD,DOPD,-1269.0,1269.0,100.0
18,CHPD,PSEI,-568.8699999999999,693.6999969,82.00518992967577
18,CISO,IID,-96.61101399999984,788.75,12.248623011093482
18,CISO,LDWP,-1250.0,1250.0,100.0
18,CISO,NEVP,1034.24999,1034.24999,100.0
18,CISO,SRP,-1250.0,1250.0,100.0
18,CISO,WALC,664.0,664.0,100.0
18,DOPD,GCPD,203.83998780000002,348.0,58.57470913793104
18,DOPD,PACW,-1527.5,1527.5,100.0
18,DOPD,PGE,-582.0,582.0,100.0
18,DOPD,PSEI,-330.7999878,330.7999878,100.0
18,DOPD,TPWR,649.0,649.0,100.0
18,EPE,PNM,306.96000000000004,1442.0,21.2871012482663
18,EPE,TEPC,1387.0,1387.0,100.0
18,GCPD,PACW,135.12997180000002,625.0,21.620795488000002
18,GCPD,PSEI,-637.0,637.0,100.0
18,IID,WALC,-162.50101399999983,330.0,49.24273151515146
18,IPCO,PACE,1250.0,1250.0,100.0
18,IPCO,PACW,-1981.599976,1981.599976,100.0
18,LDWP,NEVP,1857.450012,1857.450012,100.0
18,LDWP,PACE,-600.0,600.0,100.0
18,LDWP,WALC,1913.0,1913.0,100.0
18,NEVP,PACE,451.63197380000065,717.0,62.989117684797854
18,NEVP,WALC,-1590.7819718000007,1768.225037,89.96490483467805
18,NWMT,PACE,1106.700012,1106.700012,100.0
18,NWMT,WAUW,190.84,1311.500002,14.551277141362903
18,PACE,WACM,-1245.350002,1245.350002,100.0
18,PACE,WALC,386.7999878,386.7999878,100.0
18,PACW,PGE,-1069.5,1069.5,100.0
18,PNM,TEPC,509.59500000000025,1132.0,45.01722614840992
18,PNM,WACM,1106.0,1106.0,100.0
18,PSCO,WACM,-280.29100000000017,1250.0,22.423280000000013
18,PSEI,SCL,1125.0,1125.0,100.0
18,PSEI,TPWR,239.0,239.0,100.0
18,SCL,TPWR,-120.0,120.0,100.0
18,SRP,TEPC,-734.45,1568.0,46.839923469387756
18,SRP,WALC,-1722.5,1722.5,100.0
18,TEPC,WALC,843.815000000001,885.0,95.34632768361593
18,WACM,WALC,101.80799799999932,407.0,25.01425012284996
18,WACM,WAUW,-318.0,318.0,100.0
19,AESO,BCHA,1048.2634669500003,1418.950043,73.87599529111824
19,AESO,NWMT,600.0301119999999,875.0,68.57486994285713
19,AVA,BPAT,-1250.0,1250.0,100.0
19,AVA,CHPD,135.0,135.0,100.0
19,AVA,DOPD,58.34197600000016,1228.0,4.750975244299687
19,AVA,GCPD,1579.0,1579.0,100.0
19,AVA,IPCO,326.1600239999998,601.0,54.269554742096474
19,AVA,NWMT,395.0,395.0,100.0
19,AVA,PACW,-1185.0,1185.0,100.0
19,AVA,PGE,343.808,355.0,96.84732394366196
19,AVA,SCL,-119.5,119.5,100.0
19,AVA,TPWR,-30.0,30.0,100.0
19,AZPS,CISO,-1209.75,1209.75,100.0
19,AZPS,IID,171.0,171.0,100.0
19,AZPS,LDWP,1947.0,1947.0,100.0
19,AZPS,PACE,866.0,866.0,100.0
19,AZPS,PNM,-535.0931374421381,1348.0,39.69533660549986
19,AZPS,SRP,-1041.0513356562828,1250.0,83.28410685250263
19,AZPS,TEPC,1071.6800000000003,1475.5,72.63165028803797
19,AZPS,WACM,1200.0,1200.0,100.0
19,AZPS,WALC,1250.0,1250.0,100.0
19,BANC,BPAT,1154.75,1154.75,100.0
19,BANC,CISO,705.75,808.2000123,87.32368092788757
19,BANC,PACW,1361.0,1361.0,100.0
19,BCHA,BPAT,1361.4605646601171,1527.75,89.11540269416575
19,BPAT,CHPD,159.2999969,1115.5,14.280591385029135
19,BPAT,DOPD,1250.0,1250.0,100.0
19,BPAT,GCPD,-1580.08,1987.950016,79.48288373866237
19,BPAT,IPCO,-1314.0,1314.0,100.0
19,BPAT,LDWP,1608.6825646601183,1610.0,99.91817171801976
19,BPAT,NWMT,1250.0,1250.0,100.0
19,BPAT,PACW,535.3599759999997,1250.0,42.82879807999998
19,BPAT,PGE,-1250.0,1250.0,100.0
19,BPAT,PSEI,-1004.5699847000003,1250.0,80.36559877600003
19,BPAT,SCL,-1402.14,1811.949997,77.38293012067045
19,BPAT,TPWR,-403.8219882000002,1250.0,32.305759056000014
19,CENACE,CISO,-4.989999999999782,994.0,0.5020120724345857
19,CHPD,DOPD,-1269.0,1269.0,100.0
19,CHPD,PSEI,693.6999969,693.6999969,100.0
19,CISO,IID,-714.35,788.75,90.56735340729001
19,CISO,LDWP,-1217.213998844322,1250.0,97.37711990754576
19,CISO,NEVP,1034.24999,1034.24999,100.0
19,CISO,SRP,133.18569884432782,1250.0,10.654855907546224
19,CISO,WALC,664.0,664.0,100.0
19,DOPD,GCPD,348.0,348.0,100.0
19,DOPD,PACW,-1527.5,1527.5,100.0
19,DOPD,PGE,582.0,582.0,100.0
19,DOPD,PSEI,330.7999878,330.7999878,100.0
19,DOPD,TPWR,6.151988200000233,649.0,0.9479180585516537
19,EPE,PNM,263.99,1442.0,18.30721220527046
19,EPE,TEPC,1387.0,1387.0,100.0
19,GCPD,PACW,625.0,625.0,100.0
19,GCPD,PSEI,-637.0,637.0,100.0
19,IID,WALC,-330.0,330.0,100.0
19,IPCO,PACE,1250.0,1250.0,100.0
19,IPCO,PACW,-1981.599976,1981.599976,100.0
19,LDWP,NEVP,1857.450012,1857.450012,100.0
19,LDWP,PACE,600.0,600.0,100.0
19,LDWP,WALC,1913.0,1913.0,100.0
19,NEVP,PACE,-717.0,717.0,100.0
19,NEVP,WALC,-294.23689261968525,1768.225037,16.640240153984724
19,NWMT,PACE,1106.700012,1106.700012,100.0
19,NWMT,WAUW,190.49,1311.500002,14.524590141784843
19,PACE,WACM,-474.902962275188,1245.350002,38.13409575721734
19,PACE,WALC,-46.86902572481216,386.7999878,12.11712182086376
19,PACW,PGE,-1069.5,1069.5,100.0
19,PNM,TEPC,-1132.0,1132.0,100.0
19,PNM,WACM,1106.0,1106.0,100.0
19,PSCO,WACM,-1250.0,1250.0,100.0
19,PSEI,SCL,1125.0,1125.0,100.0
19,PSEI,TPWR,239.0,239.0,100.0
19,SCL,TPWR,-120.0,120.0,100.0
19,SRP,TEPC,-1568.0,1568.0,100.0
19,SRP,WALC,-1552.2840816555024,1722.5,90.1180889204936
19,TEPC,WALC,885.0,885.0,100.0
19,WACM,WALC,-407.0,407.0,100.0
19,WACM,WAUW,-318.0,318.0,100.0
20,AESO,BCHA,1418.950043,1418.950043,100.0
20,AESO,NWMT,-509.7189487889982,875.0,58.25359414731408
20,AVA,BPAT,-1030.9400159999998,1250.0,82.47520128
20,AVA,CHPD,135.0,135.0,100.0
20,AVA,DOPD,-1228.0,1228.0,100.0
20,AVA,GCPD,1579.0,1579.0,100.0
20,AVA,IPCO,601.0,601.0,100.0
20,AVA,NWMT,395.0,395.0,100.0
20,AVA,PACW,238.76001599999972,1185.0,20.148524556962002
20,AVA,PGE,-355.0,355.0,100.0
20,AVA,SCL,-119.5,119.5,100.0
20,AVA,TPWR,-30.0,30.0,100.0
20,AZPS,CISO,1209.75,1209.75,100.0
20,AZPS,IID,171.0,171.0,100.0
20,AZPS,LDWP,-543.9050000000041,1947.0,27.93554185927088
20,AZPS,PACE,866.0,866.0,100.0
20,AZPS,PNM,-428.8849999999968,1348.0,31.81639465875347
20,AZPS,SRP,1250.0,1250.0,100.0
20,AZPS,TEPC,-1475.5,1475.5,100.0
20,AZPS,WACM,1200.0,1200.0,100.0
20,AZPS,WALC,1250.0,1250.0,100.0
20,BANC,BPAT,1154.75,1154.75,100.0
20,BANC,CISO,187.6199999999999,808.2000123,23.21455050044669
20,BANC,PACW,1361.0,1361.0,100.0
20,BCHA,BPAT,1270.8643587890015,1527.75,83.18536140003282
20,BPAT,CHPD,186.46999689999984,1115.5,16.716270452711772
20,BPAT,DOPD,1250.0,1250.0,100.0
20,BPAT,GCPD,-1987.950016,1987.950016,100.0
20,BPAT,IPCO,-1314.0,1314.0,100.0
20,BPAT,LDWP,1338.6963587890023,1610.0,83.14884216080759
20,BPAT,NWMT,1250.0,1250.0,100.0
20,BPAT,PACW,-1250.0,1250.0,100.0
20,BPAT,PGE,741.248,1250.0,59.29984
20,BPAT,PSEI,-961.0899847000003,1250.0,76.88719877600002
20,BPAT,SCL,-1412.8,1811.949997,77.9712465762928
20,BPAT,TPWR,-267.0100122000001,1250.0,21.36080097600001
20,CENACE,CISO,-31.519999999999982,994.0,3.1710261569416485
20,CHPD,DOPD,-1269.0,1269.0,100.0
20,CHPD,PSEI,693.6999969,693.6999969,100.0
20,CISO,IID,-93.27999999999986,788.75,11.826307448494436
20,CISO,LDWP,1250.0,1250.0,100.0
20,CISO,NEVP,1034.24999,1034.24999,100.0
20,CISO,SRP,1138.2917000000011,1250.0,91.06333600000009
20,CISO,WALC,664.0,664.0,100.0
20,DOPD,GCPD,348.0,348.0,100.0
20,DOPD,PACW,-1527.5,1527.5,100.0
20,DOPD,PGE,-582.0,582.0,100.0
20,DOPD,PSEI,330.7999878,330.7999878,100.0
20,DOPD,TPWR,-124.95998779999991,649.0,19.25423540832048
20,EPE,PNM,205.6199999999999,1442.0,14.259361997226067
20,EPE,TEPC,1387.0,1387.0,100.0
20,GCPD,PACW,142.90998400000012,625.0,22.86559744000002
20,GCPD,PSEI,-637.0,637.0,100.0
20,IID,WALC,330.0,330.0,100.0
20,IPCO,PACE,1250.0,1250.0,100.0
20,IPCO,PACW,-1201.0600000000002,1981.599976,60.61061841676164
20,LDWP,NEVP,1857.450012,1857.450012,100.0
20,LDWP,PACE,600.0,600.0,100.0
20,LDWP,WALC,1014.7403467889981,1913.0,53.04445095603754
20,NEVP,PACE,717.0,717.0,100.0
20,NEVP,WALC,-925.2199980000005,1768.225037,52.32478777530173
20,NWMT,PACE,638.7509512110018,1106.700012,57.71672036550062
20,NWMT,WAUW,-445.45,1311.500002,33.96492560584838
20,PACE,WACM,747.7989634110008,1245.350002,60.047292906416274
20,PACE,WALC,386.7999878,386.7999878,100.0
20,PACW,PGE,-1069.5,1069.5,100.0
20,PNM,TEPC,-1132.0,1132.0,100.0
20,PNM,WACM,1106.0,1106.0,100.0
20,PSCO,WACM,-1250.0,1250.0,100.0
20,PSEI,SCL,1125.0,1125.0,100.0
20,PSEI,TPWR,239.0,239.0,100.0
20,SCL,TPWR,-120.0,120.0,100.0
20,SRP,TEPC,1135.9799999999996,1568.0,72.44770408163262
20,SRP,WALC,-1085.4782999999975,1722.5,63.01760812772119
20,TEPC,WALC,885.0,885.0,100.0
20,WACM,WALC,-94.13203658899988,407.0,23.12826451818179
20,WACM,WAUW,318.0,318.0,100.0
21,AESO,BCHA,-943.9124804199994,1418.950043,66.52189660069656
21,AESO,NWMT,797.0201119999999,875.0,91.0880128
21,AVA,BPAT,1250.0,1250.0,100.0
21,AVA,CHPD,112.43000310000014,135.0,83.28148377777788
21,AVA,DOPD,-1228.0,1228.0,100.0
21,AVA,GCPD,1579.0,1579.0,100.0
21,AVA,IPCO,-269.57000010000013,601.0,44.85357738768721
21,AVA,NWMT,395.0,395.0,100.0
21,AVA,PACW,-1185.0,1185.0,100.0
21,AVA,PGE,-355.0,355.0,100.0
21,AVA,SCL,2.3099969999998393,119.5,1.9330518828450538
21,AVA,TPWR,-30.0,30.0,100.0
21,AZPS,CISO,-1209.75,1209.75,100.0
21,AZPS,IID,-171.0,171.0,100.0
21,AZPS,LDWP,1947.0,1947.0,100.0
21,AZPS,PACE,-804.5810028000001,866.0,92.9077370438799
21,AZPS,PNM,1348.0,1348.0,100.0
21,AZPS,SRP,-57.71399720000454,1250.0,4.617119776000363
21,AZPS,TEPC,-217.87499999999727,1475.5,14.766180955608082
21,AZPS,WACM,1200.0,1200.0,100.0
21,AZPS,WALC,1250.0,1250.0,100.0
21,BANC,BPAT,1154.75,1154.75,100.0
21,BANC,CISO,-306.47000000000025,808.2000123,37.920068712674066
21,BANC,PACW,1361.0,1361.0,100.0
21,BCHA,BPAT,-957.6439540999994,1527.75,62.68328941908031
21,BPAT,CHPD,-1115.5,1115.5,100.0
21,BPAT,DOPD,1250.0,1250.0,100.0
21,BPAT,GCPD,296.8399999999999,1987.950016,14.931964969485426
21,BPAT,IPCO,1314.0,1314.0,100.0
21,BPAT,LDWP,-345.1939570999991,1610.0,21.440618453416093
21,BPAT,NWMT,1250.0,1250.0,100.0
21,BPAT,PACW,-1250.0,1250.0,100.0
21,BPAT,PGE,-1250.0,1250.0,100.0
21,BPAT,PSEI,-1250.0,1250.0,100.0
21,BPAT,SCL,-1811.949997,1811.949997,100.0
21,BPAT,TPWR,732.1199999999999,1250.0,58.56959999999999
21,CENACE,CISO,122.05,994.0,12.278672032193159
21,CHPD,DOPD,-1269.0,1269.0,100.0
21,CHPD,PSEI,-693.6999969,693.6999969,100.0
21,CISO,IID,45.10895210000544,788.75,5.719043055468202
21,CISO,LDWP,1250.0,1250.0,100.0
21,CISO,NEVP,1034.24999,1034.24999,100.0
21,CISO,SRP,1250.0,1250.0,100.0
21,CISO,WALC,664.0,664.0,100.0
21,DOPD,GCPD,-348.0,348.0,100.0
21,DOPD,PACW,-1409.9999969,1527.5,92.30769210474632
21,DOPD,PGE,582.0,582.0,100.0
21,DOPD,PSEI,268.80999690000004,330.7999878,81.2605824709163
21,DOPD,TPWR,-649.0,649.0,100.0
21,EPE,PNM,173.91000000000008,1442.0,12.060332871012488
21,EPE,TEPC,1387.0,1387.0,100.0
21,GCPD,PACW,625.0,625.0,100.0
21,GCPD,PSEI,637.0,637.0,100.0
21,IID,WALC,-38.241047899994555,330.0,11.588196333331684
21,IPCO,PACE,1231.3220029999998,1250.0,98.50576023999999
21,IPCO,PACW,503.3179968999998,1981.599976,25.399576251306925
21,LDWP,NEVP,1857.450012,1857.450012,100.0
21,LDWP,PACE,600.0,600.0,100.0
21,LDWP,WALC,1483.5250309000007,1913.0,77.54966183481446
21,NEVP,PACE,717.0,717.0,100.0
21,NEVP,WALC,-886.389998000001,1768.225037,50.12880031966208
21,NWMT,PACE,1106.700012,1106.700012,100.0
21,NWMT,WAUW,192.55,1311.500002,14.681662196444284
21,PACE,WACM,-339.3189999999993,1245.350002,27.24687834384404
21,PACE,WALC,-386.7999878,386.7999878,100.0
21,PACW,PGE,-205.07200000000012,1069.5,19.174567554932224
21,PNM,TEPC,449.74499999999716,1132.0,39.73012367491141
21,PNM,WACM,1106.0,1106.0,100.0
21,PSCO,WACM,-1250.0,1250.0,100.0
21,PSEI,SCL,1125.0,1125.0,100.0
21,PSEI,TPWR,-239.0,239.0,100.0
21,SCL,TPWR,-120.0,120.0,100.0
21,SRP,TEPC,-1568.0,1568.0,100.0
21,SRP,WALC,-125.73399720000498,1722.5,7.2995063686505075
21,TEPC,WALC,885.0,885.0,100.0
21,WACM,WALC,-407.0,407.0,100.0
21,WACM,WAUW,-318.0,318.0,100.0
22,AESO,BCHA,-616.8526315810002,1418.950043,43.47246998751458
22,AESO,NWMT,840.3301120000001,875.0,96.0377270857143
22,AVA,BPAT,-1250.0,1250.0,100.0
22,AVA,CHPD,135.0,135.0,100.0
22,AVA,DOPD,-1228.0,1228.0,100.0
22,AVA,GCPD,1579.0,1579.0,100.0
22,AVA,IPCO,-295.93111960100003,601.0,49.23978695524127
22,AVA,NWMT,395.0,395.0,100.0
22,AVA,PACW,1185.0,1185.0,100.0
22,AVA,PGE,-355.0,355.0,100.0
22,AVA,SCL,56.90111960100029,119.5,47.615999666109026
22,AVA,TPWR,30.0,30.0,100.0
22,AZPS,CISO,-1209.75,1209.75,100.0
22,AZPS,IID,-171.0,171.0,100.0
22,AZPS,LDWP,1500.1730140000018,1947.0,77.050488649204
22,AZPS,PACE,692.4319758000001,866.0,79.9575029792148
22,AZPS,PNM,1348.0,1348.0,100.0
22,AZPS,SRP,36.06501019999837,1250.0,2.8852008159998697
22,AZPS,TEPC,-1475.5,1475.5,100.0
22,AZPS,WACM,1200.0,1200.0,100.0
22,AZPS,WALC,1250.0,1250.0,100.0
22,BANC,BPAT,1154.75,1154.75,100.0
22,BANC,CISO,-808.2000123,808.2000123,100.0
22,BANC,PACW,1061.7700123000002,1361.0,78.01396122703895
22,BCHA,BPAT,-233.96515790100125,1527.75,15.314361505547454
22,BPAT,CHPD,1115.5,1115.5,100.0
22,BPAT,DOPD,-1250.0,1250.0,100.0
22,BPAT,GCPD,-1987.950016,1987.950016,100.0
22,BPAT,IPCO,-1314.0,1314.0,100.0
22,BPAT,LDWP,729.9479979999987,1610.0,45.33838496894403
22,BPAT,NWMT,1250.0,1250.0,100.0
22,BPAT,PACW,-1250.0,1250.0,100.0
22,BPAT,PGE,810.3380000000002,1250.0,64.82704000000001
22,BPAT,PSEI,-1250.0,1250.0,100.0
22,BPAT,SCL,590.9888803989995,1811.949997,32.61618043419989
22,BPAT,TPWR,-1021.0700202999999,1250.0,81.68560162399999
22,CENACE,CISO,189.84000000000015,994.0,19.09859154929579
22,CHPD,DOPD,911.1000121999996,1269.0,71.79669126871549
22,CHPD,PSEI,-613.5400121999999,693.6999969,88.44457473573327
22,CISO,IID,551.75,788.75,69.95245641838352
22,CISO,LDWP,1250.0,1250.0,100.0
22,CISO,NEVP,1034.24999,1034.24999,100.0
22,CISO,SRP,1250.0,1250.0,100.0
22,CISO,WALC,664.0,664.0,100.0
22,DOPD,GCPD,184.21997969999984,348.0,52.936775775862024
22,DOPD,PACW,-1527.5,1527.5,100.0
22,DOPD,PGE,-582.0,582.0,100.0
22,DOPD,PSEI,-330.7999878,330.7999878,100.0
22,DOPD,TPWR,322.8200202999999,649.0,49.74114334360553
22,EPE,PNM,113.32999999999993,1442.0,7.859223300970869
22,EPE,TEPC,1387.0,1387.0,100.0
22,GCPD,PACW,268.7099636999999,625.0,42.99359419199998
22,GCPD,PSEI,-637.0,637.0,100.0
22,IID,WALC,330.0,330.0,100.0
22,IPCO,PACE,1250.0,1250.0,100.0
22,IPCO,PACW,-1981.599976,1981.599976,100.0
22,LDWP,NEVP,1857.450012,1857.450012,100.0
22,LDWP,PACE,600.0,600.0,100.0
22,LDWP,WALC,1913.0,1913.0,100.0
22,NEVP,PACE,717.0,717.0,100.0
22,NEVP,WALC,-1058.0099980000007,1768.225037,59.83457851015604
22,NWMT,PACE,1106.700012,1106.700012,100.0
22,NWMT,WAUW,185.71,1311.500002,14.160121976118761
22,PACE,WACM,-470.89799999999946,1245.350002,37.81250244860878
22,PACE,WALC,386.7999878,386.7999878,100.0
22,PACW,PGE,-1069.5,1069.5,100.0
22,PNM,TEPC,112.37500000000068,1132.0,9.927120141342817
22,PNM,WACM,1106.0,1106.0,100.0
22,PSCO,WACM,-1052.1610000000005,1250.0,84.17288000000003
22,PSEI,SCL,-1125.0,1125.0,100.0
22,PSEI,TPWR,239.0,239.0,100.0
22,SCL,TPWR,120.0,120.0,100.0
22,SRP,TEPC,108.73499999999922,1568.0,6.934630102040766
22,SRP,WALC,-1667.2799897999996,1722.5,96.79419389259795
22,TEPC,WALC,885.0,885.0,100.0
22,WACM,WALC,-407.0,407.0,100.0
22,WACM,WAUW,-318.0,318.0,100.0
23,AESO,BCHA,450.8167368399997,1418.950043,31.771149313112197
23,AESO,NWMT,875.0,875.0,100.0
23,AVA,BPAT,-1250.0,1250.0,100.0
23,AVA,CHPD,-135.0,135.0,100.0
23,AVA,DOPD,185.94998770000052,1228.0,15.142507141693853
23,AVA,GCPD,1579.0,1579.0,100.0
23,AVA,IPCO,226.41990029999943,601.0,37.6738602828618
23,AVA,NWMT,337.200112,395.0,85.3671169620253
23,AVA,PACW,-1185.0,1185.0,100.0
23,AVA,PGE,355.0,355.0,100.0
23,AVA,SCL,-119.5,119.5,100.0
23,AVA,TPWR,30.0,30.0,100.0
23,AZPS,CISO,-1209.75,1209.75,100.0
23,AZPS,IID,-171.0,171.0,100.0
23,AZPS,LDWP,-1198.4190021999993,1947.0,61.55208023626088
23,AZPS,PACE,866.0,866.0,100.0
23,AZPS,PNM,1024.144999999999,1348.0,75.97514836795244
23,AZPS,SRP,1250.0,1250.0,100.0
23,AZPS,TEPC,801.71,1475.5,54.33480176211454
23,AZPS,WACM,1200.0,1200.0,100.0
23,AZPS,WALC,1250.0,1250.0,100.0
23,BANC,BPAT,-525.5799877000002,1154.75,45.51461248755143
23,BANC,CISO,-808.2000123,808.2000123,100.0
23,BANC,PACW,1361.0,1361.0,100.0
23,BCHA,BPAT,1527.75,1527.75,100.0
23,BPAT,CHPD,-952.4100121999995,1115.5,85.37965147467499
23,BPAT,DOPD,-1250.0,1250.0,100.0
23,BPAT,GCPD,-1620.37,1987.950016,81.50959465572397
23,BPAT,IPCO,1314.0,1314.0,100.0
23,BPAT,LDWP,1610.0,1610.0,100.0
23,BPAT,NWMT,1250.0,1250.0,100.0
23,BPAT,PACW,-1250.0,1250.0,100.0
23,BPAT,PGE,-1250.0,1250.0,100.0
23,BPAT,PSEI,-1250.0,1250.0,100.0
23,BPAT,SCL,637.0200000000002,1811.949997,35.156599302116405
23,BPAT,TPWR,-61.56997550000074,1250.0,4.925598040000059
23,CENACE,CISO,27.210000000000036,994.0,2.7374245472837058
23,CHPD,DOPD,-1269.0,1269.0,100.0
23,CHPD,PSEI,-578.6200121999996,693.6999969,83.41069839782776
23,CISO,IID,729.88,788.75,92.53629160063392
23,CISO,LDWP,1250.0,1250.0,100.0
23,CISO,NEVP,1034.24999,1034.24999,100.0
23,CISO,SRP,1250.0,1250.0,100.0
23,CISO,WALC,664.0,664.0,100.0
23,DOPD,GCPD,348.0,348.0,100.0
23,DOPD,PACW,-1527.5,1527.5,100.0
23,DOPD,PGE,-582.0,582.0,100.0
23,DOPD,PSEI,-330.7999878,330.7999878,100.0
23,DOPD,TPWR,-629.9100244999993,649.0,97.05855539291206
23,EPE,PNM,1442.0,1442.0,100.0
23,EPE,TEPC,-107.94000000000005,1387.0,7.782263878875274
23,GCPD,PACW,625.0,625.0,100.0
23,GCPD,PSEI,-637.0,637.0,100.0
23,IID,WALC,330.0,330.0,100.0
23,IPCO,PACE,1250.0,1250.0,100.0
23,IPCO,PACW,1234.9199002999985,1981.599976,62.31933363224862
23,LDWP,NEVP,1857.450012,1857.450012,100.0
23,LDWP,PACE,600.0,600.0,100.0
23,LDWP,WALC,483.9299858000006,1913.0,25.296915096706773
23,NEVP,PACE,717.0,717.0,100.0
23,NEVP,WALC,-1316.2799980000011,1768.225037,74.44075106148388
23,NWMT,PACE,1106.700012,1106.700012,100.0
23,NWMT,WAUW,190.77,1311.500002,14.545939741447292
23,PACE,WACM,-284.21226504556876,1245.350002,22.821878555356424
23,PACE,WALC,-386.7999878,386.7999878,100.0
23,PACW,PGE,133.13799999999992,1069.5,12.448620850864883
23,PNM,TEPC,1132.0,1132.0,100.0
23,PNM,WACM,1106.0,1106.0,100.0
23,PSCO,WACM,-1247.8409999999997,1250.0,99.82727999999997
23,PSEI,SCL,-1125.0,1125.0,100.0
23,PSEI,TPWR,239.0,239.0,100.0
23,SCL,TPWR,120.0,120.0,100.0
23,SRP,TEPC,-1568.0,1568.0,100.0
23,SRP,WALC,647.9300000000003,1722.5,37.615674891146604
23,TEPC,WALC,885.0,885.0,100.0
23,WACM,WALC,-407.0,407.0,100.0
23,WACM,WAUW,-318.0,318.0,100.0
24,AESO,BCHA,829.8567368400005,1418.950043,58.483858606148296
24,AESO,NWMT,875.0,875.0,100.0
24,AVA,BPAT,-1171.8100312999995,1250.0,93.74480250399996
24,AVA,CHPD,-135.0,135.0,100.0
24,AVA,DOPD,393.0700152999998,1228.0,32.00895890065145
24,AVA,GCPD,1431.2400159999997,1579.0,90.6421796073464
24,AVA,IPCO,601.0,601.0,100.0
24,AVA,NWMT,395.0,395.0,100.0
24,AVA,PACW,-1185.0,1185.0,100.0
24,AVA,PGE,-355.0,355.0,100.0
24,AVA,SCL,119.5,119.5,100.0
24,AVA,TPWR,30.0,30.0,100.0
24,AZPS,CISO,-1209.75,1209.75,100.0
24,AZPS,IID,-171.0,171.0,100.0
24,AZPS,LDWP,-1672.2157453382367,1947.0,85.88678712574406
24,AZPS,PACE,866.0,866.0,100.0
24,AZPS,PNM,1348.0,1348.0,100.0
24,AZPS,SRP,1250.0,1250.0,100.0
24,AZPS,TEPC,1010.720758789329,1475.5,68.50022086000197
24,AZPS,WACM,1200.0,1200.0,100.0
24,AZPS,WALC,1250.0,1250.0,100.0
24,BANC,BPAT,1154.75,1154.75,100.0
24,BANC,CISO,-808.2000123,808.2000123,100.0
24,BANC,PACW,-523.7399877,1361.0,38.48199762674504
24,BCHA,BPAT,1527.75,1527.75,100.0
24,BPAT,CHPD,1115.5,1115.5,100.0
24,BPAT,DOPD,-1250.0,1250.0,100.0
24,BPAT,GCPD,-1987.950016,1987.950016,100.0
24,BPAT,IPCO,1314.0,1314.0,100.0
24,BPAT,LDWP,1504.8681072834943,1610.0,93.47006877537231
24,BPAT,NWMT,1250.0,1250.0,100.0
24,BPAT,PACW,-1094.6881072834942,1250.0,87.57504858267954
24,BPAT,PGE,-1250.0,1250.0,100.0
24,BPAT,PSEI,-1250.0,1250.0,100.0
24,BPAT,SCL,-367.3800153000002,1811.949997,20.27539479059919
24,BPAT,TPWR,638.1700000000001,1250.0,51.05360000000001
24,CENACE,CISO,-200.74387216622654,994.0,20.195560580103272
24,CHPD,DOPD,892.7499969,1269.0,70.35066957446809
24,CHPD,PSEI,-693.6999969,693.6999969,100.0
24,CISO,IID,788.75,788.75,100.0
24,CISO,LDWP,1250.0,1250.0,100.0
24,CISO,NEVP,1034.24999,1034.24999,100.0
24,CISO,SRP,1250.0,1250.0,100.0
24,CISO,WALC,664.0,664.0,100.0
24,DOPD,GCPD,-348.0,348.0,100.0
24,DOPD,PACW,1527.5,1527.5,100.0
24,DOPD,PGE,-582.0,582.0,100.0
24,DOPD,PSEI,-330.7999878,330.7999878,100.0
24,DOPD,TPWR,-649.0,649.0,100.0
24,EPE,PNM,-174.96000000000004,1442.0,12.133148404993067
24,EPE,TEPC,1387.0,1387.0,100.0
24,GCPD,PACW,-625.0,625.0,100.0
24,GCPD,PSEI,-637.0,637.0,100.0
24,IID,WALC,330.0,330.0,100.0
24,IPCO,PACE,1250.0,1250.0,100.0
24,IPCO,PACW,1722.1060949834941,1981.599976,86.90483023015005
24,LDWP,NEVP,1197.1275707497819,1857.450012,64.45005588391479
24,LDWP,PACE,600.0,600.0,100.0
24,LDWP,WALC,1451.4961488132062,1913.0,75.87538676493499
24,NEVP,PACE,717.0,717.0,100.0
24,NEVP,WALC,-1768.225037,1768.225037,100.0
24,NWMT,PACE,1070.4898999999998,1106.700012,96.72810051437858
24,NWMT,WAUW,199.75,1311.500002,15.230651902050093
24,PACE,WACM,159.13788779999913,1245.350002,12.778567273812808
24,PACE,WALC,-386.7999878,386.7999878,100.0
24,PACW,PGE,886.1479999999999,1069.5,82.85628798503973
24,PNM,TEPC,-213.9007587893292,1132.0,18.895826748173956
24,PNM,WACM,1106.0,1106.0,100.0
24,PSCO,WACM,-1250.0,1250.0,100.0
24,PSEI,SCL,-504.37998469999985,1125.0,44.83377641777776
24,PSEI,TPWR,-239.0,239.0,100.0
24,SCL,TPWR,-120.0,120.0,100.0
24,SRP,TEPC,-1568.0,1568.0,100.0
24,SRP,WALC,284.7988759867935,1722.5,16.534042147273933
24,TEPC,WALC,885.0,885.0,100.0
24,WACM,WALC,-407.0,407.0,100.0
24,WACM,WAUW,-318.0,318.0,100.0
