Hour,BA,Charge_MW,Discharge_MW,SOC_MWh,Capacity_MWh
1,AZPS,0.0,0.0,900.0,3000.0
1,CISO,0.0,3294.7950877000194,5353.811565463272,29114.0
1,IPCO,96.00133244222744,0.0,225.57052441420277,440.0
1,LDWP,0.0,0.0,876.0,2920.0
1,NEVP,0.0,0.0,180.0,600.0
1,PNM,0.0,0.0,382.8,1276.0
1,PSCO,0.0,0.0,346.2,1154.0
1,SRP,0.0,0.0,105.6,352.0
1,WACM,0.0,0.0,126.3,421.0
2,AZPS,0.0,0.0,900.0,3000.0
2,CISO,0.0,1186.5600877000018,4136.426602034808,29114.0
2,IPCO,0.0,0.0,225.57052441420277,440.0
2,LDWP,0.0,0.0,876.0,2920.0
2,NEVP,0.0,0.0,180.0,600.0
2,PNM,0.0,0.0,382.8,1276.0
2,PSCO,0.0,0.0,346.2,1154.0
2,SRP,0.0,0.0,105.6,352.0
2,WACM,0.0,0.0,126.3,421.0
3,AZPS,0.0,0.0,900.0,3000.0
3,CISO,0.0,591.8583877000003,3529.1927087545855,29114.0
3,IPCO,0.0,0.0,225.57052441420277,440.0
3,LDWP,0.0,0.0,876.0,2920.0
3,NEVP,0.0,0.0,180.0,600.0
3,PNM,0.0,0.0,382.8,1276.0
3,PSCO,0.0,93.99270282633289,249.76552164620935,1154.0
3,SRP,0.0,0.0,105.6,352.0
3,WACM,0.0,0.0,126.3,421.0
4,AZPS,0.0,0.0,900.0,3000.0
4,CISO,0.0,225.66168769999445,3297.6687022793903,29114.0
4,IPCO,110.0,0.0,332.78526220710137,440.0
4,LDWP,0.0,0.0,876.0,2920.0
4,NEVP,0.0,0.0,180.0,600.0
4,PNM,0.0,0.0,382.8,1276.0
4,PSCO,3.5510000000003856,0.0,253.22660831805138,1154.0
4,SRP,0.0,0.0,105.6,352.0
4,WACM,0.0,0.0,126.3,421.0
5,AZPS,0.0,0.0,900.0,3000.0
5,CISO,328.6083123000046,0.0,3617.9564662776806,29114.0
5,IPCO,110.0,0.0,440.0,440.0
5,LDWP,0.0,0.0,876.0,2920.0
5,NEVP,0.0,0.0,180.0,600.0
5,PNM,0.0,0.0,382.8,1276.0
5,PSCO,85.95100000000002,0.0,337.00128039111894,1154.0
5,SRP,0.0,0.0,105.6,352.0
5,WACM,0.0,0.0,126.3,421.0
6,AZPS,0.0,0.0,900.0,3000.0
6,CISO,893.1383122999998,0.0,4488.480011423467,29114.0
6,IPCO,0.0,0.0,440.0,440.0
6,LDWP,0.0,0.0,876.0,2920.0
6,NEVP,0.0,0.0,180.0,600.0
6,PNM,0.0,0.0,382.8,1276.0
6,PSCO,278.96100000000024,0.0,608.8988301133445,1154.0
6,SRP,0.0,0.0,105.6,352.0
6,WACM,0.0,0.0,126.3,421.0
7,AZPS,0.0,0.0,900.0,3000.0
7,CISO,903.0483122999997,0.0,5368.662629764958,29114.0
7,IPCO,0.0,0.0,440.0,440.0
7,LDWP,304.8223589946593,0.0,1173.1040844820473,2920.0
7,NEVP,150.0,0.0,326.2019151721345,600.0
7,PNM,319.0,0.0,693.7227395994059,1276.0
7,PSCO,288.5,0.0,890.093846961083,1154.0
7,SRP,88.0,0.0,191.37179023431887,352.0
7,WACM,105.25,0.0,228.88501047911433,421.0
8,AZPS,750.0,0.0,1631.0095758606722,3000.0
8,CISO,101.99831229999705,0.0,5468.078287115525,29114.0
8,IPCO,0.0,0.0,440.0,440.0
8,LDWP,730.0,0.0,1884.6200716531016,2920.0
8,NEVP,0.0,0.0,326.2019151721345,600.0
8,PNM,278.4038640824596,0.0,965.077260400594,1276.0
8,PSCO,244.03099999999995,0.0,1127.9458440368905,1154.0
8,SRP,0.0,0.0,191.37179023431887,352.0
8,WACM,91.85582035949497,0.0,318.4149895208857,421.0
9,AZPS,750.0,0.0,2362.0191517213443,3000.0
9,CISO,0.0,2491.941747035347,2911.4,29114.0
9,IPCO,0.0,0.0,440.0,440.0
9,LDWP,730.0,0.0,2596.136058824156,2920.0
9,NEVP,130.91090787576468,0.0,453.7980848278655,600.0
9,PNM,319.0,0.0,1276.0,1276.0
9,PSCO,26.731000000000677,0.0,1154.0,1154.0
9,SRP,88.0,0.0,277.14358046863777,352.0
9,WACM,0.0,0.0,318.4149895208857,421.0
10,AZPS,654.554539378824,0.0,3000.0,3000.0
10,CISO,0.0,0.0,2911.4,29114.0
10,IPCO,0.0,0.22621808500018575,439.76790514193965,440.0
10,LDWP,332.2773926673956,0.0,2920.0,2920.0
10,NEVP,150.0,0.0,600.0,600.0
10,PNM,0.0,0.0,1276.0,1276.0
10,PSCO,0.0,0.0,1154.0,1154.0
10,SRP,76.80106595378197,0.0,352.0,352.0
10,WACM,105.25,0.0,421.0,421.0
11,AZPS,0.0,0.0,3000.0,3000.0
11,CISO,4638.711987700004,0.0,7432.6571768911945,29114.0
11,IPCO,0.23812430000020868,0.0,440.0,440.0
11,LDWP,0.0,0.0,2920.0,2920.0
11,NEVP,0.0,0.0,600.0,600.0
11,PNM,0.0,0.0,1276.0,1276.0
11,PSCO,0.0,0.0,1154.0,1154.0
11,SRP,0.0,0.0,352.0,352.0
11,WACM,0.0,0.0,421.0,421.0
12,AZPS,0.0,0.0,3000.0,3000.0
12,CISO,5441.453333746441,0.0,12736.329834981363,29114.0
12,IPCO,0.0,55.97305605443497,382.57285618810084,440.0
12,LDWP,0.0,0.0,2920.0,2920.0
12,NEVP,0.0,0.0,600.0,600.0
12,PNM,0.0,0.0,1276.0,1276.0
12,PSCO,0.0,0.0,1154.0,1154.0
12,SRP,0.0,0.0,352.0,352.0
12,WACM,0.0,0.0,421.0,421.0
13,AZPS,0.0,0.0,3000.0,3000.0
13,CISO,5677.361987700002,0.0,18269.93780649614,29114.0
13,IPCO,0.0,110.0,269.7152374587339,440.0
13,LDWP,0.0,0.0,2920.0,2920.0
13,NEVP,0.0,0.0,600.0,600.0
13,PNM,0.0,0.0,1276.0,1276.0
13,PSCO,0.0,0.0,1154.0,1154.0
13,SRP,0.0,0.0,352.0,352.0
13,WACM,0.0,0.0,421.0,421.0
14,AZPS,0.0,0.0,3000.0,3000.0
14,CISO,4681.951024500007,0.0,22833.33918332306,29114.0
14,IPCO,0.0,0.0,269.7152374587339,440.0
14,LDWP,0.0,0.0,2920.0,2920.0
14,NEVP,0.0,0.0,600.0,600.0
14,PNM,0.0,0.0,1276.0,1276.0
14,PSCO,0.0,0.0,1154.0,1154.0
14,SRP,0.0,0.0,352.0,352.0
14,WACM,0.0,0.0,421.0,421.0
15,AZPS,0.0,0.0,3000.0,3000.0
15,CISO,3460.951024500003,0.0,26206.6569706488,29114.0
15,IPCO,0.0,110.0,156.85761872936695,440.0
15,LDWP,0.0,0.0,2920.0,2920.0
15,NEVP,0.0,7.842038799995805,591.9542379549924,600.0
15,PNM,0.0,0.0,1276.0,1276.0
15,PSCO,0.0,0.0,1154.0,1154.0
15,SRP,0.0,0.0,352.0,352.0
15,WACM,0.0,0.0,421.0,421.0
16,AZPS,0.0,0.0,3000.0,3000.0
16,CISO,2337.4510245000038,0.0,28484.922413335255,29114.0
16,IPCO,0.0,110.0,44.0,440.0
16,LDWP,0.0,0.0,2920.0,2920.0
16,NEVP,8.25477768420614,0.0,600.0,600.0
16,PNM,0.0,0.0,1276.0,1276.0
16,PSCO,0.0,288.5,858.005245423433,1154.0
16,SRP,0.0,0.0,352.0,352.0
16,WACM,0.0,0.0,421.0,421.0
17,AZPS,0.0,0.0,3000.0,3000.0
17,CISO,645.4199857000015,0.0,29114.0,29114.0
17,IPCO,0.0,0.0,44.0,440.0
17,LDWP,0.0,0.0,2920.0,2920.0
17,NEVP,0.0,0.0,600.0,600.0
17,PNM,0.0,0.0,1276.0,1276.0
17,PSCO,0.0,288.5,562.0104908468659,1154.0
17,SRP,0.0,0.0,352.0,352.0
17,WACM,0.0,0.0,421.0,421.0
18,AZPS,0.0,0.0,3000.0,3000.0
18,CISO,0.0,0.0,29114.0,29114.0
18,IPCO,9.872480419999533,0.0,53.62250363268887,440.0
18,LDWP,0.0,0.0,2920.0,2920.0
18,NEVP,0.0,0.0,600.0,600.0
18,PNM,0.0,0.0,1276.0,1276.0
18,PSCO,0.0,288.5,266.01573627029893,1154.0
18,SRP,0.0,0.0,352.0,352.0
18,WACM,0.0,0.0,421.0,421.0
19,AZPS,0.0,381.63447309841985,2608.451292191597,3000.0
19,CISO,0.0,0.0,29114.0,29114.0
19,IPCO,110.0,0.0,160.83724142558748,440.0
19,LDWP,0.0,371.4575538157956,2538.8925910664875,2920.0
19,NEVP,0.0,76.32689461968404,521.6902584383193,600.0
19,PNM,0.0,162.32186255786138,1109.4612829454925,1276.0
19,PSCO,147.80099999999993,0.0,410.0743313660098,1154.0
19,SRP,0.0,44.77844484354796,306.0582849504807,352.0
19,WACM,0.0,53.55603772481159,366.05266467088745,421.0
20,AZPS,0.0,750.0,1838.9675281277314,3000.0
20,CISO,0.0,0.0,29114.0,29114.0
20,IPCO,110.0,0.0,268.05197921848605,440.0
20,LDWP,0.0,730.0,1789.928394044325,2920.0
20,NEVP,0.0,150.0,367.79350562554623,600.0
20,PNM,0.0,319.0,782.1741886303282,1276.0
20,PSCO,288.5,0.0,691.2693482137483,1154.0
20,SRP,0.0,88.0,215.77218996698713,352.0
20,WACM,0.0,105.25,258.06844311392496,421.0
21,AZPS,0.0,750.0,1069.4837640638657,3000.0
21,CISO,0.0,3125.0647478999817,25907.751219790167,29114.0
21,IPCO,0.0,110.0,155.1943604891191,440.0
21,LDWP,0.0,730.0,1040.9641970221626,2920.0
21,NEVP,0.0,150.0,213.89675281277312,600.0
21,PNM,0.0,319.0,454.88709431516423,1276.0
21,PSCO,0.0,205.63900000000058,480.28818586930873,1154.0
21,SRP,0.0,88.0,125.48609498349357,352.0
21,WACM,0.0,105.25,150.0842215569625,421.0
22,AZPS,0.0,750.0,300.0,3000.0
22,CISO,0.0,6537.383687700005,19200.537076935347,29114.0
22,IPCO,0.0,108.37885639899953,44.0,440.0
22,LDWP,0.0,730.0,292.0,2920.0
22,NEVP,0.0,150.0,60.0,600.0
22,PNM,0.0,319.0,127.6,1276.0
22,PSCO,0.0,288.5,184.29343129274173,1154.0
22,SRP,0.0,88.0,35.2,352.0
22,WACM,0.0,105.25,42.1,421.0
23,AZPS,1.1539978000002975,0.0,301.1247779230965,3000.0
23,CISO,0.0,5555.923687700006,13500.27964751802,29114.0
23,IPCO,0.0,0.0,44.0,440.0
23,LDWP,0.0,0.0,292.0,2920.0
23,NEVP,0.0,0.0,60.0,600.0
23,PNM,0.0,0.0,127.6,1276.0
23,PSCO,0.0,0.0,184.29343129274173,1154.0
23,SRP,0.0,0.0,35.2,352.0
23,WACM,79.76426504556892,0.0,119.84458874639944,421.0
24,AZPS,614.4330134510923,0.0,900.0,3000.0
24,CISO,0.0,4645.3998155337695,8734.2,29114.0
24,IPCO,90.28609498349357,0.0,132.0,440.0
24,LDWP,599.17135761773,0.0,876.0,2920.0
24,NEVP,123.1174022502185,0.0,180.0,600.0
24,PNM,261.8296754521313,0.0,382.8,1276.0
24,PSCO,166.11263455403463,0.0,346.2,1154.0
24,SRP,72.22887598679485,0.0,105.6,352.0
24,WACM,6.62311220000106,0.0,126.3,421.0
