Hour,BA,Load_MW,Load_Shed_MW,Net_Load_MW,Local_Thermal_MW,Local_Renewables_MW,Local_Storage_MW,DC_Flexibility_MW,Total_Local_Supply_MW,Import_Export_MW,Status,Exceeds_5000MW_Limit
1,AESO,10475.1,0.0,10475.1,8733.0,857.73,0.0,0.0,9590.74,884.36,Import,No
1,AVA,1199.81,0.0,1199.81,617.28,424.0,0.0,0.0,1041.28,158.53,Import,No
1,AZPS,5441.84,0.0,5441.84,2514.13,177.0,-385.31,-217.02,2088.81,3353.03,Import,No
1,BANC,596.8,0.0,596.8,728.69,1048.0,0.0,51.97,1828.66,-1231.86,Export,No
1,BCHA,6223.38,0.0,6223.38,660.87,4044.13,0.0,0.0,4704.99,1518.39,Import,No
1,BPAT,5470.17,0.0,5470.17,1618.6,5290.0,0.0,350.35,7258.95,-1788.78,Export,No
1,CENACE,2087.4,0.0,2087.4,2624.0,0.0,0.0,0.0,2624.0,-536.6,Export,No
1,CHPD,400.31,0.0,400.31,0.0,972.0,0.0,0.0,972.0,-571.69,Export,No
1,CISO,33870.1,0.0,33870.1,13346.09,8982.0,3501.21,519.75,26349.05,7521.05,Import,Yes
1,DOPD,176.44,0.0,176.44,0.0,582.0,0.0,0.0,582.0,-405.56,Export,No
1,EPE,1128.6,0.0,1128.6,0.0,0.0,0.0,0.0,0.0,1128.6,Import,No
1,GCPD,692.75,0.0,692.75,0.0,1007.0,0.0,0.0,1007.0,-314.25,Export,No
1,IID,543.56,0.0,543.56,781.81,29.0,0.0,0.0,810.81,-267.25,Export,No
1,IPCO,2510.45,0.0,2510.45,1082.78,1282.0,-110.0,0.0,2254.78,255.67,Import,No
1,LDWP,2321.31,0.0,2321.31,911.0,301.0,-219.25,28.88,1021.62,1299.69,Import,No
1,NEVP,5822.32,0.0,5822.32,7414.95,39.0,-150.0,1174.56,8478.51,-2656.19,Export,No
1,NWMT,1247.14,0.0,1247.14,1679.0,931.0,0.0,0.0,2610.0,-1362.86,Export,No
1,PACE,5532.49,0.0,5532.49,8604.91,1152.0,0.0,-238.7,9518.21,-3985.72,Export,No
1,PACW,1972.77,0.0,1972.77,1136.37,160.0,0.0,242.55,1538.92,433.85,Import,No
1,PGE,2081.5,0.0,2081.5,743.91,188.0,0.0,0.0,931.91,1149.59,Import,No
1,PNM,1644.04,0.0,1644.04,1445.57,415.0,-278.4,103.95,1686.11,-42.07,Export,No
1,PSCO,4531.56,0.0,4531.56,4501.2,1540.0,9.86,-269.5,5781.56,-1250.0,Export,No
1,PSEI,2318.39,0.0,2318.39,555.18,204.0,0.0,0.0,759.18,1559.21,Import,No
1,SCL,867.17,0.0,867.17,0.0,140.0,0.0,0.0,140.0,727.17,Import,No
1,SRP,4732.58,0.0,4732.58,7893.58,163.0,-88.0,-290.29,7678.29,-2945.71,Export,No
1,TEPC,2144.49,0.0,2144.49,1568.8,218.0,0.0,0.0,1786.8,357.69,Import,No
1,TIDC,395.74,0.0,395.74,340.74,55.0,0.0,0.0,395.74,0.0,Balanced,No
1,TPWR,475.26,0.0,475.26,26.0,70.0,0.0,0.0,96.0,379.26,Import,No
1,WACM,4001.7,0.0,4001.7,4641.43,1314.0,0.0,0.0,5955.43,-1953.73,Export,No
1,WALC,1018.29,0.0,1018.29,1664.45,869.0,0.0,0.0,2533.45,-1515.16,Export,No
1,WAUW,105.34,0.0,105.34,0.0,4.0,0.0,0.0,4.0,101.34,Import,No
2,AESO,10356.83,0.0,10356.83,8981.86,654.77,0.0,0.0,9636.63,720.2,Import,No
2,AVA,1183.04,0.0,1183.04,617.28,412.0,0.0,0.0,1029.28,153.76,Import,No
2,AZPS,5290.9,0.0,5290.9,2514.13,250.0,0.0,-713.61,2050.52,3240.37,Import,No
2,BANC,575.63,0.0,575.63,728.69,826.0,0.0,15.01,1569.7,-994.07,Export,No
2,BCHA,6120.94,0.0,6120.94,747.69,3690.69,0.0,0.0,4438.39,1682.55,Import,No
2,BPAT,5400.65,0.0,5400.65,1618.6,4778.0,0.0,646.8,7043.4,-1642.75,Export,No
2,CENACE,2056.97,0.0,2056.97,2624.0,0.0,0.0,0.0,2624.0,-567.03,Export,No
2,CHPD,394.19,0.0,394.19,0.0,968.0,0.0,0.0,968.0,-573.81,Export,No
2,CISO,31507.3,0.0,31507.3,13346.09,8697.0,1412.61,485.1,23940.79,7566.51,Import,Yes
2,DOPD,173.99,0.0,173.99,0.0,561.0,0.0,0.0,561.0,-387.01,Export,No
2,EPE,1108.37,0.0,1108.37,0.0,0.0,0.0,0.0,0.0,1108.37,Import,No
2,GCPD,688.8,0.0,688.8,0.0,998.0,0.0,0.0,998.0,-309.2,Export,No
2,IID,527.54,0.0,527.54,781.81,28.0,0.0,0.0,809.81,-282.27,Export,No
2,IPCO,2511.46,0.0,2511.46,1082.78,1301.0,0.0,0.0,2383.78,127.68,Import,No
2,LDWP,2283.18,0.0,2283.18,911.0,221.0,-170.59,80.85,1042.26,1240.92,Import,No
2,NEVP,5706.74,0.0,5706.74,7645.95,15.0,-130.91,410.93,7940.97,-2234.23,Export,No
2,NWMT,1237.42,0.0,1237.42,1679.0,987.0,0.0,0.0,2666.0,-1428.58,Export,No
2,PACE,5473.09,0.0,5473.09,8604.91,707.0,0.0,-286.44,9025.47,-3552.38,Export,No
2,PACW,1944.41,0.0,1944.41,1136.37,138.0,0.0,-116.7,1157.67,786.75,Import,No
2,PGE,2025.6,0.0,2025.6,743.91,168.0,0.0,0.0,911.91,1113.69,Import,No
2,PNM,1620.78,0.0,1620.78,1445.57,243.0,0.0,-70.26,1618.31,2.46,Import,No
2,PSCO,4446.94,0.0,4446.94,4501.2,1491.0,28.14,-323.4,5696.94,-1250.0,Export,No
2,PSEI,2272.7,0.0,2272.7,555.18,96.0,0.0,0.0,651.18,1621.52,Import,No
2,SCL,852.42,0.0,852.42,0.0,130.0,0.0,0.0,130.0,722.42,Import,No
2,SRP,4621.99,0.0,4621.99,7893.58,117.0,0.0,970.2,8980.78,-4358.79,Export,No
2,TEPC,2090.51,0.0,2090.51,1568.8,239.0,0.0,0.0,1807.8,282.71,Import,No
2,TIDC,385.15,0.0,385.15,330.15,55.0,0.0,0.0,385.15,0.0,Balanced,No
2,TPWR,466.74,0.0,466.74,26.0,72.0,0.0,0.0,98.0,368.74,Import,No
2,WACM,3977.47,0.0,3977.47,4641.43,1209.0,0.0,0.0,5850.43,-1872.96,Export,No
2,WALC,982.08,0.0,982.08,1664.45,706.0,0.0,0.0,2370.45,-1388.37,Export,No
2,WAUW,106.83,0.0,106.83,0.0,4.0,0.0,0.0,4.0,102.83,Import,No
3,AESO,10238.56,0.0,10238.56,8981.86,553.67,0.0,0.0,9535.53,703.03,Import,No
3,AVA,1166.26,0.0,1166.26,617.28,398.0,0.0,0.0,1015.28,150.98,Import,No
3,AZPS,5139.95,0.0,5139.95,2514.13,282.0,0.0,92.09,2888.22,2251.73,Import,No
3,BANC,554.47,0.0,554.47,728.69,770.0,0.0,0.0,1498.69,-944.22,Export,No
3,BCHA,6018.5,0.0,6018.5,773.92,3544.86,0.0,0.0,4318.78,1699.72,Import,No
3,BPAT,5331.13,0.0,5331.13,1618.6,4560.0,0.0,600.6,6779.2,-1448.07,Export,No
3,CENACE,2026.53,0.0,2026.53,2624.0,0.0,0.0,0.0,2624.0,-597.47,Export,No
3,CHPD,388.07,0.0,388.07,0.0,751.0,0.0,0.0,751.0,-362.93,Export,No
3,CISO,29971.7,0.0,29971.7,13346.09,8009.0,563.74,450.45,22369.28,7602.42,Import,Yes
3,DOPD,171.53,0.0,171.53,0.0,453.0,0.0,0.0,453.0,-281.47,Export,No
3,EPE,1088.13,0.0,1088.13,0.0,0.0,0.0,0.0,0.0,1088.13,Import,No
3,GCPD,684.86,0.0,684.86,0.0,999.0,0.0,0.0,999.0,-314.14,Export,No
3,IID,511.52,0.0,511.52,781.81,29.0,0.0,0.0,810.81,-299.29,Export,No
3,IPCO,2512.47,0.0,2512.47,1082.78,1234.0,0.0,0.0,2316.78,195.69,Import,No
3,LDWP,2245.05,0.0,2245.05,911.0,328.0,0.0,75.07,1314.08,930.98,Import,No
3,NEVP,5591.16,0.0,5591.16,7341.45,10.0,0.0,-756.48,6594.97,-1003.81,Export,No
3,NWMT,1227.71,0.0,1227.71,1679.0,1003.0,0.0,0.0,2682.0,-1454.29,Export,No
3,PACE,5413.69,0.0,5413.69,8604.91,573.0,0.0,-334.18,8843.73,-3430.04,Export,No
3,PACW,1916.06,0.0,1916.06,1136.37,133.0,0.0,240.24,1509.61,406.45,Import,No
3,PGE,1969.69,0.0,1969.69,743.91,169.0,0.0,0.0,912.91,1056.78,Import,No
3,PNM,1597.51,0.0,1597.51,1445.57,251.0,0.0,60.06,1756.63,-159.12,Export,No
3,PSCO,4362.32,0.0,4362.32,4501.2,1436.0,52.42,-377.3,5612.32,-1250.0,Export,No
3,PSEI,2227.0,0.0,2227.0,555.18,124.0,0.0,0.0,679.18,1547.82,Import,No
3,SCL,837.68,0.0,837.68,0.0,128.0,0.0,0.0,128.0,709.68,Import,No
3,SRP,4511.4,0.0,4511.4,7893.58,149.0,-76.8,900.9,8866.68,-4355.28,Export,No
3,TEPC,2036.52,0.0,2036.52,1568.8,232.0,0.0,0.0,1800.8,235.72,Import,No
3,TIDC,374.57,0.0,374.57,319.57,55.0,0.0,0.0,374.57,0.0,Balanced,No
3,TPWR,458.21,0.0,458.21,26.0,70.0,0.0,0.0,96.0,362.21,Import,No
3,WACM,3953.24,0.0,3953.24,4641.43,1192.0,-105.25,0.0,5728.18,-1774.94,Export,No
3,WALC,945.87,0.0,945.87,1664.45,651.0,0.0,0.0,2315.45,-1369.58,Export,No
3,WAUW,108.31,0.0,108.31,0.0,5.0,0.0,0.0,5.0,103.31,Import,No
4,AESO,10134.05,0.0,10134.05,8981.86,507.21,0.0,0.0,9489.07,644.98,Import,No
4,AVA,1155.64,0.0,1155.64,617.28,386.0,0.0,0.0,1003.28,152.36,Import,No
4,AZPS,4913.97,0.0,4913.97,2514.13,237.0,0.0,246.99,2998.12,1915.85,Import,No
4,BANC,532.0,0.0,532.0,728.69,929.0,0.0,-35.8,1621.89,-1089.89,Export,No
4,BCHA,5941.57,0.0,5941.57,733.54,3450.25,0.0,0.0,4183.8,1757.77,Import,No
4,BPAT,5250.48,0.0,5250.48,1618.6,4426.0,0.0,-411.33,5633.27,-382.79,Export,No
4,CENACE,1970.0,0.0,1970.0,2624.0,0.0,0.0,0.0,2624.0,-654.0,Export,No
4,CHPD,390.81,0.0,390.81,0.0,832.0,0.0,0.0,832.0,-441.19,Export,No
4,CISO,28453.7,0.0,28453.7,13260.3,7084.0,0.0,450.45,20794.75,7658.95,Import,Yes
4,DOPD,168.06,0.0,168.06,0.0,444.0,0.0,0.0,444.0,-275.94,Export,No
4,EPE,1067.53,0.0,1067.53,0.0,0.0,0.0,0.0,0.0,1067.53,Import,No
4,GCPD,678.1,0.0,678.1,0.0,1039.0,0.0,0.0,1039.0,-360.9,Export,No
4,IID,496.17,0.0,496.17,781.81,28.0,0.0,0.0,809.81,-313.64,Export,No
4,IPCO,2405.32,0.0,2405.32,1082.78,1136.0,-110.0,30.03,2138.81,266.51,Import,No
4,LDWP,2194.73,0.0,2194.73,911.0,416.0,0.0,-134.75,1192.25,1002.48,Import,No
4,NEVP,5380.69,0.0,5380.69,7245.31,10.0,0.0,-331.92,6923.4,-1542.71,Export,No
4,NWMT,1201.0,0.0,1201.0,1679.0,881.0,0.0,0.0,2560.0,-1359.0,Export,No
4,PACE,5397.29,0.0,5397.29,8604.91,602.0,0.0,-236.2,8970.72,-3573.43,Export,No
4,PACW,1857.38,0.0,1857.38,1136.37,146.0,0.0,54.84,1337.21,520.17,Import,No
4,PGE,1919.57,0.0,1919.57,743.91,178.0,0.0,0.0,921.91,997.66,Import,No
4,PNM,1535.95,0.0,1535.95,1445.57,373.0,0.0,90.09,1908.66,-372.71,Export,No
4,PSCO,4265.79,0.0,4265.79,4305.09,1588.0,0.0,-377.3,5515.79,-1250.0,Export,No
4,PSEI,2194.22,0.0,2194.22,555.18,142.0,0.0,0.0,697.18,1497.04,Import,No
4,SCL,829.06,0.0,829.06,0.0,123.0,0.0,0.0,123.0,706.06,Import,No
4,SRP,4314.13,0.0,4314.13,7893.58,168.0,0.0,215.55,8277.13,-3963.0,Export,No
4,TEPC,1968.3,0.0,1968.3,1568.8,194.0,0.0,0.0,1762.8,205.5,Import,No
4,TIDC,359.4,0.0,359.4,304.4,55.0,0.0,0.0,359.4,0.0,Balanced,No
4,TPWR,452.3,0.0,452.3,26.0,72.0,0.0,0.0,98.0,354.3,Import,No
4,WACM,3911.75,0.0,3911.75,4641.43,1188.0,0.0,0.0,5829.43,-1917.68,Export,No
4,WALC,902.84,0.0,902.84,1664.45,590.0,0.0,0.0,2254.45,-1351.61,Export,No
4,WAUW,105.3,0.0,105.3,0.0,4.0,0.0,0.0,4.0,101.3,Import,No
5,AESO,10188.06,0.0,10188.06,9020.74,440.4,0.0,0.0,9461.14,726.92,Import,No
5,AVA,1165.97,0.0,1165.97,617.28,378.0,0.0,0.0,995.28,170.69,Import,No
5,AZPS,4761.58,0.0,4761.58,2514.13,174.0,0.0,-589.46,2098.67,2662.91,Import,No
5,BANC,528.79,0.0,528.79,728.69,854.0,0.0,32.34,1615.03,-1086.24,Export,No
5,BCHA,5935.33,0.0,5935.33,830.51,3428.99,0.0,0.0,4259.5,1675.83,Import,No
5,BPAT,5301.86,0.0,5301.86,1618.6,4374.0,0.0,-747.41,5245.19,56.67,Import,No
5,CENACE,1928.43,0.0,1928.43,2624.0,0.0,0.0,0.0,2624.0,-695.57,Export,No
5,CHPD,390.8,0.0,390.8,0.0,855.0,0.0,0.0,855.0,-464.2,Export,No
5,CISO,27313.0,0.0,27313.0,12625.15,6620.0,0.0,367.33,19612.48,7700.52,Import,Yes
5,DOPD,166.77,0.0,166.77,0.0,475.0,0.0,0.0,475.0,-308.23,Export,No
5,EPE,1055.93,0.0,1055.93,0.0,0.0,0.0,0.0,0.0,1055.93,Import,No
5,GCPD,689.49,0.0,689.49,0.0,1096.0,0.0,0.0,1096.0,-406.51,Export,No
5,IID,482.91,0.0,482.91,781.81,29.0,0.0,0.0,810.81,-327.9,Export,No
5,IPCO,2343.57,0.0,2343.57,1082.78,1098.0,-96.0,32.34,2117.12,226.45,Import,No
5,LDWP,2199.67,0.0,2199.67,911.0,478.0,0.0,-1.92,1387.08,812.59,Import,No
5,NEVP,5277.12,0.0,5277.12,7645.95,10.0,0.0,-313.14,7342.81,-2065.69,Export,No
5,NWMT,1207.1,0.0,1207.1,1679.0,751.0,0.0,0.0,2430.0,-1222.9,Export,No
5,PACE,5508.14,0.0,5508.14,8604.91,532.0,0.0,-286.44,8850.47,-3342.33,Export,No
5,PACW,1877.85,0.0,1877.85,1136.37,153.0,0.0,258.72,1548.09,329.76,Import,No
5,PGE,1953.61,0.0,1953.61,743.91,207.0,0.0,0.0,950.91,1002.7,Import,No
5,PNM,1567.37,0.0,1567.37,1445.57,414.0,0.0,-138.6,1720.97,-153.6,Export,No
5,PSCO,4317.39,0.0,4317.39,4285.6,1722.0,-116.81,-323.4,5567.39,-1250.0,Export,No
5,PSEI,2257.45,0.0,2257.45,555.18,135.0,0.0,0.0,690.18,1567.27,Import,No
5,SCL,849.36,0.0,849.36,0.0,131.0,0.0,0.0,131.0,718.36,Import,No
5,SRP,4181.58,0.0,4181.58,7893.58,141.0,0.0,970.2,9004.78,-4823.2,Export,No
5,TEPC,1918.32,0.0,1918.32,1568.8,145.0,0.0,0.0,1713.8,204.52,Import,No
5,TIDC,352.11,0.0,352.11,297.11,55.0,0.0,0.0,352.11,0.0,Balanced,No
5,TPWR,458.32,0.0,458.32,26.0,70.0,0.0,0.0,96.0,362.32,Import,No
5,WACM,3964.37,0.0,3964.37,4641.43,1119.0,0.0,0.0,5760.43,-1796.06,Export,No
5,WALC,887.71,0.0,887.71,1664.45,654.0,0.0,0.0,2318.45,-1430.74,Export,No
5,WAUW,103.71,0.0,103.71,0.0,4.0,0.0,0.0,4.0,99.71,Import,No
6,AESO,10250.37,0.0,10250.37,9168.85,286.31,0.0,0.0,9455.16,795.21,Import,No
6,AVA,1215.5,0.0,1215.5,617.28,357.0,0.0,0.0,974.28,241.22,Import,No
6,AZPS,4740.45,0.0,4740.45,2514.13,50.0,0.0,-108.38,2455.75,2284.7,Import,No
6,BANC,555.1,0.0,555.1,728.69,963.0,0.0,0.0,1691.69,-1136.59,Export,No
6,BCHA,6021.08,0.0,6021.08,830.51,3583.03,0.0,0.0,4413.54,1607.54,Import,No
6,BPAT,5543.77,0.0,5543.77,1618.6,4504.0,0.0,462.0,6584.6,-1040.83,Export,No
6,CENACE,1876.6,0.0,1876.6,2624.0,0.0,0.0,0.0,2624.0,-747.4,Export,No
6,CHPD,397.54,0.0,397.54,0.0,820.0,0.0,0.0,820.0,-422.46,Export,No
6,CISO,26854.3,0.0,26854.3,12613.82,6674.0,-532.37,346.5,19101.95,7752.35,Import,Yes
6,DOPD,172.76,0.0,172.76,0.0,478.0,0.0,0.0,478.0,-305.24,Export,No
6,EPE,1105.93,0.0,1105.93,0.0,12.0,0.0,0.0,12.0,1093.93,Import,No
6,GCPD,692.84,0.0,692.84,0.0,1090.0,0.0,0.0,1090.0,-397.16,Export,No
6,IID,488.46,0.0,488.46,781.81,25.0,0.0,0.0,806.81,-318.35,Export,No
6,IPCO,2305.98,0.0,2305.98,1082.78,1236.0,0.0,34.65,2353.43,-47.45,Export,No
6,LDWP,2260.35,0.0,2260.35,911.0,403.0,0.0,86.62,1400.62,859.72,Import,No
6,NEVP,5184.8,0.0,5184.8,7519.66,43.0,0.0,-489.58,7073.09,-1888.29,Export,No
6,NWMT,1243.56,0.0,1243.56,1679.0,775.0,0.0,0.0,2454.0,-1210.44,Export,No
6,PACE,5685.18,0.0,5685.18,8604.91,527.0,0.0,-238.7,8893.21,-3208.03,Export,No
6,PACW,1990.45,0.0,1990.45,1136.37,149.0,0.0,-86.24,1199.13,791.32,Import,No
6,PGE,2071.28,0.0,2071.28,743.91,194.0,0.0,0.0,937.91,1133.37,Import,No
6,PNM,1600.04,0.0,1600.04,1445.57,403.0,-319.0,-115.5,1414.07,185.97,Import,No
6,PSCO,4481.38,0.0,4481.38,4210.38,2079.0,-288.5,-269.5,5731.38,-1250.0,Export,No
6,PSEI,2428.09,0.0,2428.09,555.18,146.0,0.0,0.0,701.18,1726.91,Import,No
6,SCL,896.59,0.0,896.59,0.0,133.0,0.0,0.0,133.0,763.59,Import,No
6,SRP,4136.4,0.0,4136.4,7893.58,248.0,0.0,761.96,8903.54,-4767.14,Export,No
6,TEPC,1904.69,0.0,1904.69,1568.8,96.0,0.0,0.0,1664.8,239.89,Import,No
6,TIDC,356.89,0.0,356.89,302.89,54.0,0.0,0.0,356.89,0.0,Balanced,No
6,TPWR,480.5,0.0,480.5,26.0,73.0,0.0,0.0,99.0,381.5,Import,No
6,WACM,4021.82,0.0,4021.82,4641.43,1286.0,-91.86,0.0,5835.58,-1813.76,Export,No
6,WALC,904.0,0.0,904.0,1664.45,640.0,0.0,0.0,2304.45,-1400.45,Export,No
6,WAUW,100.35,0.0,100.35,0.0,4.0,0.0,0.0,4.0,96.35,Import,No
7,AESO,10556.74,0.0,10556.74,9379.79,329.24,0.0,0.0,9709.03,847.71,Import,No
7,AVA,1326.0,0.0,1326.0,617.28,311.0,0.0,0.0,928.28,397.72,Import,No
7,AZPS,4795.35,0.0,4795.35,2514.13,167.0,0.0,-924.0,1757.13,3038.22,Import,No
7,BANC,584.53,0.0,584.53,907.76,655.0,0.0,36.96,1599.72,-1015.19,Export,No
7,BCHA,6653.56,0.0,6653.56,830.51,4268.01,0.0,0.0,5098.52,1555.04,Import,No
7,BPAT,5947.09,0.0,5947.09,1636.63,5394.0,0.0,492.8,7523.43,-1576.34,Export,No
7,CENACE,1852.19,0.0,1852.19,2624.0,0.0,0.0,0.0,2624.0,-771.81,Export,No
7,CHPD,416.71,0.0,416.71,0.0,777.0,0.0,0.0,777.0,-360.29,Export,No
7,CISO,26859.8,0.0,26859.8,12613.82,6665.0,0.0,-195.78,19083.04,7776.76,Import,Yes
7,DOPD,184.73,0.0,184.73,0.0,292.0,0.0,0.0,292.0,-107.27,Export,No
7,EPE,1139.36,0.0,1139.36,0.0,128.0,0.0,0.0,128.0,1011.36,Import,No
7,GCPD,716.46,0.0,716.46,0.0,879.0,0.0,0.0,879.0,-162.54,Export,No
7,IID,501.12,0.0,501.12,781.81,84.0,0.0,0.0,865.81,-364.69,Export,No
7,IPCO,2338.11,0.0,2338.11,1087.26,1478.0,0.0,36.96,2602.22,-264.11,Export,No
7,LDWP,2376.34,0.0,2376.34,911.0,655.0,0.0,92.4,1658.4,717.94,Import,No
7,NEVP,5160.69,0.0,5160.69,7280.48,679.0,0.0,-532.75,7426.73,-2266.04,Export,No
7,NWMT,1317.12,0.0,1317.12,1679.0,676.0,0.0,0.0,2355.0,-1037.88,Export,No
7,PACE,5964.15,0.0,5964.15,8604.91,1248.0,0.0,-38.19,9814.72,-3850.57,Export,No
7,PACW,2202.99,0.0,2202.99,1136.37,233.0,0.0,197.12,1566.49,636.5,Import,No
7,PGE,2298.6,0.0,2298.6,1002.21,201.0,0.0,0.0,1203.21,1095.39,Import,No
7,PNM,1647.91,0.0,1647.91,1445.57,897.0,0.0,73.92,2416.49,-768.58,Export,No
7,PSCO,4684.59,0.0,4684.59,3900.69,2538.0,-288.5,-215.6,5934.59,-1250.0,Export,No
7,PSEI,2697.43,0.0,2697.43,555.18,114.0,0.0,0.0,669.18,2028.25,Import,No
7,SCL,1033.75,0.0,1033.75,0.0,134.0,0.0,0.0,134.0,899.75,Import,No
7,SRP,4147.96,0.0,4147.96,7893.58,143.0,0.0,-388.05,7648.53,-3500.57,Export,No
7,TEPC,1957.25,0.0,1957.25,1568.8,86.0,0.0,0.0,1654.8,302.45,Import,No
7,TIDC,368.69,0.0,368.69,321.69,47.0,0.0,0.0,368.69,0.0,Balanced,No
7,TPWR,529.31,0.0,529.31,26.0,71.0,0.0,0.0,97.0,432.31,Import,No
7,WACM,4171.65,0.0,4171.65,4641.43,1388.0,0.0,0.0,6029.43,-1857.78,Export,No
7,WALC,937.26,0.0,937.26,1664.45,966.0,0.0,0.0,2630.45,-1693.19,Export,No
7,WAUW,111.44,0.0,111.44,0.0,4.0,0.0,0.0,4.0,107.44,Import,No
8,AESO,11220.64,0.0,11220.64,10406.46,374.56,0.0,0.0,10781.02,439.62,Import,No
8,AVA,1432.44,0.0,1432.44,617.28,258.0,0.0,0.0,875.28,557.16,Import,No
8,AZPS,4881.0,0.0,4881.0,2514.13,447.0,-750.0,0.0,2211.13,2669.87,Import,No
8,BANC,628.04,0.0,628.04,1154.0,667.0,0.0,39.27,1860.27,-1232.23,Export,No
8,BCHA,7515.23,0.0,7515.23,1142.19,4409.91,0.0,0.0,5552.1,1963.13,Import,No
8,BPAT,6484.65,0.0,6484.65,1895.03,5649.0,0.0,523.6,8067.63,-1582.98,Export,No
8,CENACE,2020.14,0.0,2020.14,2624.0,0.0,0.0,0.0,2624.0,-603.86,Export,No
8,CHPD,436.0,0.0,436.0,0.0,942.0,0.0,0.0,942.0,-506.0,Export,No
8,CISO,27289.9,0.0,27289.9,13276.64,6462.0,-336.44,278.9,19681.09,7608.81,Import,Yes
8,DOPD,206.42,0.0,206.42,0.0,131.0,0.0,0.0,131.0,75.42,Import,No
8,EPE,1225.84,0.0,1225.84,0.0,217.0,0.0,0.0,217.0,1008.84,Import,No
8,GCPD,741.69,0.0,741.69,0.0,744.0,0.0,0.0,744.0,-2.31,Export,No
8,IID,556.4,0.0,556.4,781.81,277.0,0.0,0.0,1058.81,-502.41,Export,No
8,IPCO,2429.12,0.0,2429.12,1096.51,1637.0,0.0,39.27,2772.78,-343.66,Export,No
8,LDWP,2596.65,0.0,2596.65,911.0,748.0,-730.0,-57.75,871.25,1725.4,Import,No
8,NEVP,5610.83,0.0,5610.83,7230.97,2092.0,0.0,-839.49,8483.48,-2872.65,Export,No
8,NWMT,1424.84,0.0,1424.84,1679.0,662.0,0.0,0.0,2341.0,-916.16,Export,No
8,PACE,6371.03,0.0,6371.03,8604.91,2299.0,0.0,-143.22,10760.69,-4389.66,Export,No
8,PACW,2434.68,0.0,2434.68,1608.12,419.0,0.0,209.44,2236.56,198.12,Import,No
8,PGE,2639.17,0.0,2639.17,1266.0,138.0,0.0,0.0,1404.0,1235.17,Import,No
8,PNM,1740.53,0.0,1740.53,1445.57,1365.0,0.0,-69.3,2741.27,-1000.74,Export,No
8,PSCO,5112.31,0.0,5112.31,4079.16,2675.0,-230.15,-161.7,6362.31,-1250.0,Export,No
8,PSEI,3010.97,0.0,3010.97,934.18,85.0,0.0,0.0,1019.18,1991.79,Import,No
8,SCL,1148.92,0.0,1148.92,0.0,132.0,0.0,0.0,132.0,1016.92,Import,No
8,SRP,4229.53,0.0,4229.53,7893.58,170.0,-88.0,-693.0,7282.58,-3053.05,Export,No
8,TEPC,2051.43,0.0,2051.43,1568.8,100.0,0.0,0.0,1668.8,382.63,Import,No
8,TIDC,395.71,0.0,395.71,348.71,47.0,0.0,0.0,395.71,0.0,Balanced,No
8,TPWR,577.27,0.0,577.27,26.0,70.0,0.0,0.0,96.0,481.27,Import,No
8,WACM,4223.63,0.0,4223.63,4641.43,1487.0,0.0,0.0,6128.43,-1904.8,Export,No
8,WALC,978.57,0.0,978.57,1664.45,609.0,0.0,0.0,2273.45,-1294.88,Export,No
8,WAUW,105.24,0.0,105.24,0.0,4.0,0.0,0.0,4.0,101.24,Import,No
9,AESO,11898.66,0.0,11898.66,11517.07,407.24,0.0,0.0,11924.31,-25.65,Export,No
9,AVA,1528.94,0.0,1528.94,902.99,254.0,0.0,0.0,1156.99,371.95,Import,No
9,AZPS,5192.39,0.0,5192.39,2514.13,717.0,-269.25,-462.0,2499.88,2692.51,Import,No
9,BANC,673.79,0.0,673.79,1177.5,619.0,0.0,41.58,1838.08,-1164.29,Export,No
9,BCHA,8119.12,0.0,8119.12,1243.19,4447.53,0.0,0.0,5690.72,2428.4,Import,No
9,BPAT,6790.8,0.0,6790.8,2003.83,5727.0,0.0,673.66,8404.49,-1613.69,Export,No
9,CENACE,2159.06,0.0,2159.06,2624.0,0.0,0.0,0.0,2624.0,-464.94,Export,No
9,CHPD,446.94,0.0,446.94,0.0,828.0,0.0,0.0,828.0,-381.06,Export,No
9,CISO,28133.6,0.0,28133.6,13252.12,5971.7,1023.18,623.7,20870.69,7262.91,Import,Yes
9,DOPD,210.21,0.0,210.21,0.0,128.0,0.0,0.0,128.0,82.21,Import,No
9,EPE,1324.39,0.0,1324.39,0.0,235.0,0.0,0.0,235.0,1089.39,Import,No
9,GCPD,755.97,0.0,755.97,0.0,664.0,0.0,0.0,664.0,91.97,Import,No
9,IID,618.93,0.0,618.93,781.81,444.0,0.0,0.0,1225.81,-606.88,Export,No
9,IPCO,2600.94,0.0,2600.94,1276.16,1736.0,0.0,41.58,3053.74,-452.8,Export,No
9,LDWP,2859.23,0.0,2859.23,911.0,1056.0,-730.0,-38.5,1198.5,1660.73,Import,No
9,NEVP,6134.49,0.0,6134.49,7120.95,2837.0,-118.89,-587.05,9252.01,-3117.52,Export,No
9,NWMT,1487.76,0.0,1487.76,1733.0,610.0,0.0,0.0,2343.0,-855.24,Export,No
9,PACE,6762.12,0.0,6762.12,8604.91,2810.0,0.0,-95.48,11319.43,-4557.31,Export,No
9,PACW,2592.46,0.0,2592.46,1628.12,539.0,0.0,221.76,2388.88,203.58,Import,No
9,PGE,2806.62,0.0,2806.62,1266.0,156.0,0.0,0.0,1422.0,1384.62,Import,No
9,PNM,1875.16,0.0,1875.16,1445.57,1582.0,-319.0,-46.2,2662.37,-787.21,Export,No
9,PSCO,5704.61,0.0,5704.61,4012.41,3050.0,0.0,-107.8,6954.61,-1250.0,Export,No
9,PSEI,3201.78,0.0,3201.78,1107.58,86.0,0.0,0.0,1193.58,2008.2,Import,No
9,SCL,1191.19,0.0,1191.19,0.0,128.0,0.0,0.0,128.0,1063.19,Import,No
9,SRP,4436.61,0.0,4436.61,7893.58,177.0,0.0,-411.4,7659.18,-3222.57,Export,No
9,TEPC,2260.31,0.0,2260.31,1568.8,109.0,0.0,0.0,1677.8,582.51,Import,No
9,TIDC,425.08,0.0,425.08,379.08,46.0,0.0,0.0,425.08,0.0,Balanced,No
9,TPWR,594.62,0.0,594.62,90.0,72.0,0.0,0.0,162.0,432.62,Import,No
9,WACM,4406.09,0.0,4406.09,4641.43,1582.0,-105.25,0.0,6118.18,-1712.09,Export,No
9,WALC,1052.44,0.0,1052.44,1664.45,641.0,0.0,0.0,2305.45,-1253.01,Export,No
9,WAUW,114.47,0.0,114.47,0.0,5.0,0.0,0.0,5.0,109.47,Import,No
10,AESO,12274.9,0.0,12274.9,12079.41,456.28,0.0,0.0,12535.69,-260.79,Export,No
10,AVA,1642.8,0.0,1642.8,902.99,279.0,0.0,0.0,1181.99,460.81,Import,No
10,AZPS,5541.83,0.0,5541.83,2514.13,1289.0,-750.0,-231.0,2822.13,2719.7,Import,No
10,BANC,1041.15,0.0,1041.15,1177.5,749.0,0.0,43.89,1970.39,-929.24,Export,No
10,BCHA,8537.38,0.0,8537.38,1298.19,4575.65,0.0,0.0,5873.84,2663.54,Import,No
10,BPAT,7019.53,0.0,7019.53,2003.83,5896.0,0.0,465.94,8365.77,-1346.24,Export,No
10,CENACE,2314.57,0.0,2314.57,2624.0,0.0,0.0,0.0,2624.0,-309.43,Export,No
10,CHPD,459.12,0.0,459.12,0.0,686.0,0.0,0.0,686.0,-226.88,Export,No
10,CISO,29532.8,0.0,29532.8,12396.89,11605.8,-52.37,-115.5,23834.82,5697.98,Import,Yes
10,DOPD,227.58,0.0,227.58,0.0,164.0,0.0,0.0,164.0,63.58,Import,No
10,EPE,1458.26,0.0,1458.26,0.0,240.0,0.0,0.0,240.0,1218.26,Import,No
10,GCPD,781.25,0.0,781.25,0.0,643.0,0.0,0.0,643.0,138.25,Import,No
10,IID,712.02,0.0,712.02,781.81,502.0,0.0,0.0,1283.81,-571.79,Export,No
10,IPCO,2785.62,0.0,2785.62,1276.16,1594.0,0.0,43.89,2914.05,-128.43,Export,No
10,LDWP,3360.21,0.0,3360.21,911.0,1260.0,-247.25,-19.25,1904.5,1455.71,Import,No
10,NEVP,6704.43,0.0,6704.43,7152.06,3167.0,-31.11,-293.52,9994.43,-3290.0,Export,No
10,NWMT,1546.21,0.0,1546.21,1733.0,598.0,0.0,0.0,2331.0,-784.79,Export,No
10,PACE,7200.51,0.0,7200.51,8604.91,2972.0,0.0,-47.74,11529.17,-4328.66,Export,No
10,PACW,2731.68,0.0,2731.68,1628.12,596.0,0.0,234.08,2458.2,273.48,Import,No
10,PGE,2893.26,0.0,2893.26,1266.0,75.0,0.0,0.0,1341.0,1552.26,Import,No
10,PNM,2065.97,0.0,2065.97,1445.57,1749.0,0.0,-23.1,3171.47,-1105.5,Export,No
10,PSCO,6255.17,0.0,6255.17,4786.07,2773.0,0.0,-53.9,7505.17,-1250.0,Export,No
10,PSEI,3274.02,0.0,3274.02,1107.58,191.0,0.0,0.0,1298.58,1975.44,Import,No
10,SCL,1229.18,0.0,1229.18,0.0,140.0,0.0,0.0,140.0,1089.18,Import,No
10,SRP,4651.88,0.0,4651.88,7893.58,294.0,0.0,-231.0,7956.58,-3304.7,Export,No
10,TEPC,2465.56,0.0,2465.56,1568.8,128.0,0.0,0.0,1696.8,768.76,Import,No
10,TIDC,468.73,0.0,468.73,422.73,46.0,0.0,0.0,468.73,0.0,Balanced,No
10,TPWR,600.74,0.0,600.74,90.0,70.0,0.0,0.0,160.0,440.74,Import,No
10,WACM,4579.98,0.0,4579.98,4641.43,1544.0,0.0,0.0,6185.43,-1605.45,Export,No
10,WALC,1143.66,0.0,1143.66,1664.45,667.0,0.0,0.0,2331.45,-1187.79,Export,No
10,WAUW,115.99,0.0,115.99,0.0,4.0,0.0,0.0,4.0,111.99,Import,No
11,AESO,12554.1,0.0,12554.1,12005.1,489.16,0.0,0.0,12494.26,59.84,Import,No
11,AVA,1739.21,0.0,1739.21,902.99,407.0,0.0,0.0,1309.99,429.22,Import,No
11,AZPS,5933.09,0.0,5933.09,2514.13,1423.0,0.0,0.0,3937.13,1995.96,Import,No
11,BANC,1695.79,0.0,1695.79,1177.5,961.0,0.0,46.2,2184.7,-488.91,Export,No
11,BCHA,8749.04,0.0,8749.04,1298.19,5107.94,0.0,0.0,6406.13,2342.91,Import,No
11,BPAT,7213.58,0.0,7213.58,2003.83,6553.0,0.0,826.64,9383.47,-2169.89,Export,No
11,CENACE,2458.82,0.0,2458.82,2624.0,0.0,0.0,0.0,2624.0,-165.18,Export,No
11,CHPD,473.39,0.0,473.39,0.0,513.0,0.0,0.0,513.0,-39.61,Export,No
11,CISO,31064.0,0.0,31064.0,12396.89,18153.4,-5040.02,0.0,25510.27,5553.73,Import,Yes
11,DOPD,231.05,0.0,231.05,0.0,283.0,0.0,0.0,283.0,-51.95,Export,No
11,EPE,1615.22,0.0,1615.22,0.0,242.0,0.0,0.0,242.0,1373.22,Import,No
11,GCPD,798.33,0.0,798.33,0.0,772.0,0.0,0.0,772.0,26.33,Import,No
11,IID,850.71,0.0,850.71,781.81,519.0,0.0,0.0,1300.81,-450.1,Export,No
11,IPCO,2948.8,0.0,2948.8,1276.16,1604.0,0.0,46.2,2926.36,22.44,Import,No
11,LDWP,3978.99,0.0,3978.99,911.0,1323.0,0.0,0.0,2234.0,1744.99,Import,No
11,NEVP,7209.33,0.0,7209.33,7645.95,3293.0,0.0,0.0,10938.95,-3729.62,Export,No
11,NWMT,1599.63,0.0,1599.63,1733.0,663.0,0.0,0.0,2396.0,-796.37,Export,No
11,PACE,7663.28,0.0,7663.28,8604.91,3342.0,0.0,0.0,11946.91,-4283.63,Export,No
11,PACW,2838.04,0.0,2838.04,1628.12,600.0,0.0,246.4,2474.52,363.52,Import,No
11,PGE,2995.97,0.0,2995.97,1266.0,61.0,0.0,0.0,1327.0,1668.97,Import,No
11,PNM,2317.33,0.0,2317.33,1445.57,1703.0,0.0,0.0,3148.57,-831.24,Export,No
11,PSCO,6653.21,0.0,6653.21,5507.21,2396.0,0.0,0.0,7903.21,-1250.0,Export,No
11,PSEI,3342.65,0.0,3342.65,1107.58,194.0,0.0,0.0,1301.58,2041.07,Import,No
11,SCL,1260.12,0.0,1260.12,0.0,140.0,0.0,0.0,140.0,1120.12,Import,No
11,SRP,4967.59,0.0,4967.59,8066.9,459.0,0.0,0.0,8525.9,-3558.31,Export,No
11,TEPC,2642.24,0.0,2642.24,1568.8,145.0,0.0,0.0,1713.8,928.44,Import,No
11,TIDC,515.23,0.0,515.23,469.23,46.0,0.0,0.0,515.23,0.0,Balanced,No
11,TPWR,610.44,0.0,610.44,90.0,72.0,0.0,0.0,162.0,448.44,Import,No
11,WACM,4802.46,0.0,4802.46,4641.43,1471.0,0.0,0.0,6112.43,-1309.97,Export,No
11,WALC,1279.26,0.0,1279.26,1664.45,726.0,0.0,0.0,2390.45,-1111.19,Export,No
11,WAUW,120.77,0.0,120.77,0.0,4.0,0.0,0.0,4.0,116.77,Import,No
12,AESO,12745.12,0.0,12745.12,11910.55,524.98,0.0,0.0,12435.52,309.6,Import,No
12,AVA,1831.33,0.0,1831.33,931.79,481.0,0.0,0.0,1412.79,418.54,Import,No
12,AZPS,6447.5,0.0,6447.5,2514.13,1366.0,0.0,0.0,3880.13,2567.37,Import,No
12,BANC,2555.56,0.0,2555.56,1177.5,1008.0,0.0,69.3,2254.8,300.76,Import,No
12,BCHA,8842.97,0.0,8842.97,1298.19,5451.63,0.0,0.0,6749.82,2093.15,Import,No
12,BPAT,7383.69,0.0,7383.69,2003.83,6980.0,0.0,870.33,9854.16,-2470.47,Export,No
12,CENACE,2641.97,0.0,2641.97,2624.0,0.0,0.0,0.0,2624.0,17.97,Import,No
12,CHPD,483.45,0.0,483.45,0.0,413.0,0.0,0.0,413.0,70.45,Import,No
12,CISO,32430.2,0.0,32430.2,12396.89,20518.9,-5856.17,0.0,27059.62,5370.58,Import,Yes
12,DOPD,243.41,0.0,243.41,0.0,283.0,0.0,0.0,283.0,-39.59,Export,No
12,EPE,1725.96,0.0,1725.96,0.0,243.0,0.0,0.0,243.0,1482.96,Import,No
12,GCPD,816.37,0.0,816.37,0.0,782.0,0.0,0.0,782.0,34.37,Import,No
12,IID,997.75,0.0,997.75,781.81,538.0,0.0,0.0,1319.81,-322.06,Export,No
12,IPCO,3075.22,0.0,3075.22,1276.16,1569.0,0.0,69.3,2914.46,160.76,Import,No
12,LDWP,4520.38,0.0,4520.38,911.0,1304.0,0.0,0.0,2215.0,2305.38,Import,No
12,NEVP,7663.54,0.0,7663.54,9014.95,3289.0,0.0,0.0,12303.95,-4640.41,Export,No
12,NWMT,1636.47,0.0,1636.47,1883.0,720.0,0.0,0.0,2603.0,-966.53,Export,No
12,PACE,8063.44,0.0,8063.44,8672.04,3716.0,0.0,0.0,12388.04,-4324.6,Export,No
12,PACW,2929.05,0.0,2929.05,1628.12,614.0,0.0,369.6,2611.72,317.33,Import,No
12,PGE,3076.36,0.0,3076.36,1783.96,62.0,0.0,0.0,1845.96,1230.4,Import,No
12,PNM,2484.24,0.0,2484.24,1445.57,1606.0,0.0,0.0,3051.57,-567.33,Export,No
12,PSCO,7031.74,0.0,7031.74,6266.69,1988.0,0.0,0.0,8254.69,-1222.95,Export,No
12,PSEI,3398.53,0.0,3398.53,1107.58,193.0,0.0,0.0,1300.58,2097.95,Import,No
12,SCL,1268.32,0.0,1268.32,0.0,125.0,0.0,0.0,125.0,1143.32,Import,No
12,SRP,5448.45,0.0,5448.45,8772.18,537.0,0.0,0.0,9309.18,-3860.73,Export,No
12,TEPC,2819.41,0.0,2819.41,2054.8,200.0,0.0,0.0,2254.8,564.61,Import,No
12,TIDC,567.67,0.0,567.67,520.67,47.0,0.0,0.0,567.67,0.0,Balanced,No
12,TPWR,617.17,0.0,617.17,90.0,254.0,0.0,0.0,344.0,273.17,Import,No
12,WACM,4957.35,0.0,4957.35,4691.88,1575.0,0.0,0.0,6266.88,-1309.53,Export,No
12,WALC,1442.29,0.0,1442.29,1878.45,718.0,0.0,0.0,2596.45,-1154.16,Export,No
12,WAUW,123.69,0.0,123.69,0.0,4.0,0.0,0.0,4.0,119.69,Import,No
13,AESO,12909.16,0.0,12909.16,12047.03,566.44,0.0,0.0,12613.47,295.69,Import,No
13,AVA,1904.8,0.0,1904.8,956.39,437.0,0.0,0.0,1393.39,511.41,Import,No
13,AZPS,6907.08,0.0,6907.08,2514.13,1344.0,0.0,0.0,3858.13,3048.95,Import,No
13,BANC,3510.56,0.0,3510.56,1466.2,1107.0,0.0,69.3,2642.5,868.06,Import,No
13,BCHA,9063.73,0.0,9063.73,1298.19,5763.76,0.0,0.0,7061.95,2001.78,Import,No
13,BPAT,7523.86,0.0,7523.86,2003.83,7365.0,0.0,924.0,10292.83,-2768.97,Export,No
13,CENACE,2799.04,0.0,2799.04,2624.0,0.0,0.0,0.0,2624.0,175.04,Import,No
13,CHPD,490.03,0.0,490.03,0.0,333.0,0.0,0.0,333.0,157.03,Import,No
13,CISO,32517.1,0.0,32517.1,12396.89,21078.6,-6134.17,0.0,27341.32,5175.78,Import,Yes
13,DOPD,266.47,0.0,266.47,0.0,294.0,0.0,0.0,294.0,-27.53,Export,No
13,EPE,1811.24,0.0,1811.24,0.0,240.0,0.0,0.0,240.0,1571.24,Import,No
13,GCPD,831.87,0.0,831.87,0.0,794.0,0.0,0.0,794.0,37.87,Import,No
13,IID,1121.29,0.0,1121.29,837.31,534.0,0.0,0.0,1371.31,-250.02,Export,No
13,IPCO,3215.99,0.0,3215.99,1454.8,1704.0,110.0,69.3,3338.1,-122.11,Export,No
13,LDWP,4961.77,0.0,4961.77,911.0,1355.0,0.0,0.0,2266.0,2695.77,Import,No
13,NEVP,8029.12,0.0,8029.12,9839.98,3170.0,0.0,0.0,13009.98,-4980.86,Export,No
13,NWMT,1658.0,0.0,1658.0,1883.0,747.0,0.0,0.0,2630.0,-972.0,Export,No
13,PACE,8471.99,0.0,8471.99,9117.58,3806.0,0.0,0.0,12923.58,-4451.59,Export,No
13,PACW,3035.24,0.0,3035.24,1686.9,608.0,0.0,369.6,2664.5,370.74,Import,No
13,PGE,3149.11,0.0,3149.11,1783.96,62.0,0.0,0.0,1845.96,1303.15,Import,No
13,PNM,2666.12,0.0,2666.12,1799.35,1714.0,0.0,0.0,3513.35,-847.23,Export,No
13,PSCO,7269.02,0.0,7269.02,6266.69,2246.0,0.0,0.0,8512.69,-1243.67,Export,No
13,PSEI,3440.0,0.0,3440.0,1249.98,195.0,0.0,0.0,1444.98,1995.02,Import,No
13,SCL,1281.19,0.0,1281.19,0.0,148.0,0.0,0.0,148.0,1133.19,Import,No
13,SRP,6137.31,0.0,6137.31,9492.44,540.0,0.0,0.0,10032.44,-3895.13,Export,No
13,TEPC,3066.85,0.0,3066.85,2054.8,262.0,0.0,0.0,2316.8,750.05,Import,No
13,TIDC,615.56,0.0,615.56,564.56,51.0,0.0,0.0,615.56,0.0,Balanced,No
13,TPWR,621.13,0.0,621.13,90.0,346.0,0.0,0.0,436.0,185.13,Import,No
13,WACM,5102.58,0.0,5102.58,4691.88,1635.0,0.0,0.0,6326.88,-1224.3,Export,No
13,WALC,1581.28,0.0,1581.28,2495.2,703.0,0.0,0.0,3198.2,-1616.92,Export,No
13,WAUW,128.44,0.0,128.44,0.0,4.0,0.0,0.0,4.0,124.44,Import,No
14,AESO,12971.96,0.0,12971.96,11764.84,581.7,0.0,0.0,12346.54,625.42,Import,No
14,AVA,1968.27,0.0,1968.27,956.39,509.0,0.0,0.0,1465.39,502.88,Import,No
14,AZPS,7308.23,0.0,7308.23,3284.7,1246.0,0.0,-231.0,4299.7,3008.53,Import,No
14,BANC,4403.6,0.0,4403.6,1466.2,1294.0,0.0,65.84,2826.03,1577.57,Import,No
14,BCHA,9070.67,0.0,9070.67,1298.19,6218.75,0.0,0.0,7516.94,1553.73,Import,No
14,BPAT,7625.94,0.0,7625.94,2003.83,7937.0,0.0,877.8,10818.63,-3192.69,Export,No
14,CENACE,2811.4,0.0,2811.4,2624.0,0.0,0.0,0.0,2624.0,187.4,Import,No
14,CHPD,496.73,0.0,496.73,0.0,360.0,0.0,0.0,360.0,136.73,Import,No
14,CISO,32842.7,0.0,32842.7,12396.89,21494.9,-4850.2,-115.5,28926.09,3916.61,Import,No
14,DOPD,275.29,0.0,275.29,0.0,300.0,0.0,0.0,300.0,-24.71,Export,No
14,EPE,1899.26,0.0,1899.26,0.0,235.0,0.0,0.0,235.0,1664.26,Import,No
14,GCPD,853.08,0.0,853.08,0.0,882.0,0.0,0.0,882.0,-28.92,Export,No
14,IID,1227.17,0.0,1227.17,837.31,538.0,0.0,0.0,1375.31,-148.14,Export,No
14,IPCO,3224.76,0.0,3224.76,1454.8,1947.0,101.78,65.84,3569.41,-344.65,Export,No
14,LDWP,5214.54,0.0,5214.54,1659.0,1253.0,0.0,-19.25,2892.75,2321.79,Import,No
14,NEVP,8370.31,0.0,8370.31,10466.27,3167.0,0.0,-293.52,13339.75,-4969.44,Export,No
14,NWMT,1694.21,0.0,1694.21,1883.0,814.0,0.0,0.0,2697.0,-1002.79,Export,No
14,PACE,8856.01,0.0,8856.01,9904.81,3342.0,0.0,-47.74,13199.07,-4343.06,Export,No
14,PACW,3125.64,0.0,3125.64,1686.9,586.0,0.0,351.12,2624.02,501.62,Import,No
14,PGE,3239.83,0.0,3239.83,1783.96,64.0,0.0,0.0,1847.96,1391.87,Import,No
14,PNM,2832.64,0.0,2832.64,1867.12,1503.0,0.0,-23.1,3347.03,-514.39,Export,No
14,PSCO,7563.79,0.0,7563.79,6079.69,2788.0,0.0,-53.9,8813.79,-1250.0,Export,No
14,PSEI,3470.36,0.0,3470.36,1249.98,202.0,0.0,0.0,1451.98,2018.38,Import,No
14,SCL,1288.88,0.0,1288.88,0.0,247.0,0.0,0.0,247.0,1041.88,Import,No
14,SRP,6748.44,0.0,6748.44,9505.0,551.0,0.0,-231.0,9825.0,-3076.56,Export,No
14,TEPC,3252.43,0.0,3252.43,2054.8,303.0,0.0,0.0,2357.8,894.63,Import,No
14,TIDC,660.43,0.0,660.43,595.43,65.0,0.0,0.0,660.43,0.0,Balanced,No
14,TPWR,623.2,0.0,623.2,90.0,319.0,0.0,0.0,409.0,214.2,Import,No
14,WACM,5202.48,0.0,5202.48,4944.12,1560.0,0.0,0.0,6504.12,-1301.64,Export,No
14,WALC,1681.31,0.0,1681.31,2495.2,669.0,0.0,0.0,3164.2,-1482.89,Export,No
14,WAUW,126.39,0.0,126.39,0.0,4.0,0.0,0.0,4.0,122.39,Import,No
15,AESO,13018.44,0.0,13018.44,12052.85,603.89,0.0,0.0,12656.74,361.7,Import,No
15,AVA,2020.23,0.0,2020.23,956.39,513.0,0.0,0.0,1469.39,550.84,Import,No
15,AZPS,7692.34,0.0,7692.34,3284.7,1315.0,0.0,-231.0,4368.7,3323.64,Import,No
15,BANC,5151.57,0.0,5151.57,1466.2,1289.0,0.0,65.84,2821.03,2330.54,Import,No
15,BCHA,9069.21,0.0,9069.21,1298.19,6484.42,0.0,0.0,7782.61,1286.6,Import,No
15,BPAT,7734.51,0.0,7734.51,2003.83,8275.0,0.0,877.8,11156.63,-3422.12,Export,No
15,CENACE,2811.08,0.0,2811.08,2624.0,0.0,0.0,0.0,2624.0,187.08,Import,No
15,CHPD,503.43,0.0,503.43,0.0,543.0,0.0,0.0,543.0,-39.57,Export,No
15,CISO,32693.1,0.0,32693.1,12396.89,21708.6,-3656.75,-115.5,30333.24,2359.86,Import,No
15,DOPD,280.57,0.0,280.57,0.0,387.0,0.0,0.0,387.0,-106.43,Export,No
15,EPE,1951.67,0.0,1951.67,0.0,204.0,0.0,0.0,204.0,1747.67,Import,No
15,GCPD,853.05,0.0,853.05,0.0,875.0,0.0,0.0,875.0,-21.95,Export,No
15,IID,1300.3,0.0,1300.3,837.31,525.0,0.0,0.0,1362.31,-62.01,Export,No
15,IPCO,3430.47,0.0,3430.47,1454.8,1953.0,110.0,65.84,3583.64,-153.17,Export,No
15,LDWP,5528.33,0.0,5528.33,1659.0,1254.0,0.0,-19.25,2893.75,2634.58,Import,No
15,NEVP,8664.05,0.0,8664.05,10686.85,3139.0,0.0,-293.52,13532.33,-4868.28,Export,No
15,NWMT,1718.04,0.0,1718.04,1883.0,884.0,0.0,0.0,2767.0,-1048.96,Export,No
15,PACE,9134.38,0.0,9134.38,9904.81,3716.0,0.0,-47.74,13573.07,-4438.69,Export,No
15,PACW,3186.92,0.0,3186.92,1686.9,593.0,0.0,351.12,2631.02,555.9,Import,No
15,PGE,3297.78,0.0,3297.78,1783.96,68.0,0.0,0.0,1851.96,1445.82,Import,No
15,PNM,2871.14,0.0,2871.14,1867.12,1291.0,0.0,-23.1,3135.03,-263.89,Export,No
15,PSCO,7779.68,0.0,7779.68,5809.58,3274.0,0.0,-53.9,9029.68,-1250.0,Export,No
15,PSEI,3500.14,0.0,3500.14,1249.98,216.0,0.0,0.0,1465.98,2034.16,Import,No
15,SCL,1281.83,0.0,1281.83,0.0,411.0,0.0,0.0,411.0,870.83,Import,No
15,SRP,7234.68,0.0,7234.68,9505.0,664.0,0.0,-231.0,9938.0,-2703.32,Export,No
15,TEPC,3392.67,0.0,3392.67,2054.8,283.0,0.0,0.0,2337.8,1054.87,Import,No
15,TIDC,696.28,0.0,696.28,615.28,81.0,0.0,0.0,696.28,0.0,Balanced,No
15,TPWR,622.68,0.0,622.68,90.0,208.0,0.0,0.0,298.0,324.68,Import,No
15,WACM,5312.4,0.0,5312.4,4944.12,1703.0,0.0,0.0,6647.12,-1334.72,Export,No
15,WALC,1717.51,0.0,1717.51,2495.2,702.0,0.0,0.0,3197.2,-1479.69,Export,No
15,WAUW,129.03,0.0,129.03,0.0,5.0,0.0,0.0,5.0,124.03,Import,No
16,AESO,13034.41,0.0,13034.41,11711.65,667.17,0.0,0.0,12378.82,655.59,Import,No
16,AVA,2048.05,0.0,2048.05,956.39,538.0,0.0,0.0,1494.39,553.66,Import,No
16,AZPS,7997.57,0.0,7997.57,3284.7,1436.0,0.0,-462.0,4258.7,3738.87,Import,No
16,BANC,5805.76,0.0,5805.76,1466.2,1379.0,0.0,62.37,2907.57,2898.19,Import,No
16,BCHA,9079.79,0.0,9079.79,1298.19,6834.95,0.0,0.0,8133.15,946.64,Import,No
16,BPAT,7776.51,0.0,7776.51,2003.83,8729.0,0.0,831.6,11564.43,-3787.92,Export,No
16,CENACE,2782.64,0.0,2782.64,2624.0,0.0,0.0,0.0,2624.0,158.64,Import,No
16,CHPD,510.24,0.0,510.24,0.0,584.0,0.0,0.0,584.0,-73.76,Export,No
16,CISO,33156.2,0.0,33156.2,12430.54,21697.9,-1293.62,-231.0,32603.83,552.37,Import,No
16,DOPD,287.65,0.0,287.65,0.0,548.0,0.0,0.0,548.0,-260.35,Export,No
16,EPE,1984.76,0.0,1984.76,0.0,203.0,0.0,0.0,203.0,1781.76,Import,No
16,GCPD,858.8,0.0,858.8,0.0,916.0,0.0,0.0,916.0,-57.2,Export,No
16,IID,1339.96,0.0,1339.96,837.31,505.0,0.0,0.0,1342.31,-2.35,Export,No
16,IPCO,3526.8,0.0,3526.8,1454.8,1966.0,64.2,62.37,3547.37,-20.57,Export,No
16,LDWP,5669.85,0.0,5669.85,1659.0,1210.0,0.0,-38.5,2830.5,2839.35,Import,No
16,NEVP,8822.42,0.0,8822.42,11056.85,2860.0,0.0,-587.05,13329.8,-4507.38,Export,No
16,NWMT,1738.64,0.0,1738.64,1883.0,996.0,0.0,0.0,2879.0,-1140.36,Export,No
16,PACE,9348.57,0.0,9348.57,9904.81,3884.0,0.0,-95.48,13693.33,-4344.76,Export,No
16,PACW,3257.71,0.0,3257.71,1686.9,563.0,0.0,332.64,2582.54,675.17,Import,No
16,PGE,3362.7,0.0,3362.7,1783.96,116.0,0.0,0.0,1899.96,1462.74,Import,No
16,PNM,2877.95,0.0,2877.95,1867.12,1284.0,0.0,-46.2,3104.93,-226.98,Export,No
16,PSCO,8024.35,0.0,8024.35,6366.69,2573.0,118.31,-107.8,8950.2,-925.85,Export,No
16,PSEI,3524.49,0.0,3524.49,1249.98,224.0,0.0,0.0,1473.98,2050.51,Import,No
16,SCL,1277.63,0.0,1277.63,0.0,548.0,0.0,0.0,548.0,729.63,Import,No
16,SRP,7499.44,0.0,7499.44,9505.0,901.0,0.0,-462.0,9944.0,-2444.56,Export,No
16,TEPC,3514.8,0.0,3514.8,2054.8,260.0,0.0,0.0,2314.8,1200.0,Import,No
16,TIDC,718.33,0.0,718.33,623.33,95.0,0.0,0.0,718.33,0.0,Balanced,No
16,TPWR,624.1,0.0,624.1,90.0,202.0,0.0,0.0,292.0,332.1,Import,No
16,WACM,5428.86,0.0,5428.86,4984.12,1905.0,0.0,0.0,6889.12,-1460.26,Export,No
16,WALC,1749.45,0.0,1749.45,2495.2,706.0,0.0,0.0,3201.2,-1451.75,Export,No
16,WAUW,132.82,0.0,132.82,0.0,4.0,0.0,0.0,4.0,128.82,Import,No
17,AESO,12909.78,0.0,12909.78,11308.5,681.43,0.0,0.0,11989.93,919.85,Import,No
17,AVA,2080.42,0.0,2080.42,931.79,768.0,0.0,0.0,1699.79,380.63,Import,No
17,AZPS,8194.81,0.0,8194.81,3284.7,1617.0,0.0,-190.32,4711.38,3483.43,Import,No
17,BANC,6197.7,0.0,6197.7,1556.84,1258.0,0.0,58.9,2873.75,3323.95,Import,No
17,BCHA,9088.91,0.0,9088.91,1298.19,6918.41,0.0,0.0,8216.6,872.31,Import,No
17,BPAT,7872.52,0.0,7872.52,2003.83,8842.0,0.0,785.4,11631.23,-3758.71,Export,No
17,CENACE,2792.7,0.0,2792.7,2624.0,0.0,0.0,0.0,2624.0,168.7,Import,No
17,CHPD,513.64,0.0,513.64,0.0,873.0,0.0,0.0,873.0,-359.36,Export,No
17,CISO,33040.7,0.0,33040.7,12920.38,22572.3,0.0,-208.67,35284.01,-2243.31,Export,No
17,DOPD,289.43,0.0,289.43,0.0,580.0,0.0,0.0,580.0,-290.57,Export,No
17,EPE,1936.72,0.0,1936.72,0.0,199.0,0.0,0.0,199.0,1737.72,Import,No
17,GCPD,857.65,0.0,857.65,0.0,1196.0,0.0,0.0,1196.0,-338.35,Export,No
17,IID,1335.98,0.0,1335.98,837.31,470.0,0.0,0.0,1307.31,28.67,Import,No
17,IPCO,3609.47,0.0,3609.47,1282.0,2000.0,0.0,58.9,3340.9,268.57,Import,No
17,LDWP,5646.15,0.0,5646.15,1678.5,1046.0,0.0,65.45,2789.95,2856.2,Import,No
17,NEVP,8796.94,0.0,8796.94,11056.85,2037.0,0.0,-880.57,12213.28,-3416.34,Export,No
17,NWMT,1765.83,0.0,1765.83,1883.0,1034.0,0.0,0.0,2917.0,-1151.17,Export,No
17,PACE,9375.19,0.0,9375.19,9916.81,3127.0,0.0,-143.22,12900.59,-3525.4,Export,No
17,PACW,3262.3,0.0,3262.3,1628.12,589.0,0.0,314.16,2531.28,731.02,Import,No
17,PGE,3399.55,0.0,3399.55,1783.96,189.0,0.0,0.0,1972.96,1426.59,Import,No
17,PNM,2877.3,0.0,2877.3,1867.12,1209.0,0.0,9.24,3085.36,-208.06,Export,No
17,PSCO,8196.43,0.0,8196.43,6366.69,2351.0,288.5,-161.7,8844.49,-648.06,Export,No
17,PSEI,3543.63,0.0,3543.63,1178.78,226.0,0.0,0.0,1404.78,2138.85,Import,No
17,SCL,1276.9,0.0,1276.9,0.0,786.0,0.0,0.0,786.0,490.9,Import,No
17,SRP,7785.34,0.0,7785.34,9505.0,867.0,0.0,-693.0,9679.0,-1893.66,Export,No
17,TEPC,3542.0,0.0,3542.0,2054.8,303.0,0.0,0.0,2357.8,1184.2,Import,No
17,TIDC,730.15,0.0,730.15,634.15,96.0,0.0,0.0,730.15,0.0,Balanced,No
17,TPWR,623.58,0.0,623.58,90.0,224.0,0.0,0.0,314.0,309.58,Import,No
17,WACM,5530.82,0.0,5530.82,4984.12,1718.0,0.0,0.0,6702.12,-1171.3,Export,No
17,WALC,1729.52,0.0,1729.52,2495.2,680.0,0.0,0.0,3175.2,-1445.68,Export,No
17,WAUW,132.81,0.0,132.81,0.0,4.0,0.0,0.0,4.0,128.81,Import,No
18,AESO,12828.16,0.0,12828.16,10741.37,630.74,0.0,0.0,11372.11,1456.05,Import,No
18,AVA,2085.63,0.0,2085.63,931.79,852.0,0.0,0.0,1783.79,301.84,Import,No
18,AZPS,8272.75,0.0,8272.75,3284.7,1421.0,0.0,-72.89,4632.81,3639.94,Import,No
18,BANC,6347.3,0.0,6347.3,1418.91,1549.0,0.0,55.44,3023.35,3323.95,Import,No
18,BCHA,9098.12,0.0,9098.12,1142.19,7253.48,0.0,0.0,8395.67,702.45,Import,No
18,BPAT,7938.32,0.0,7938.32,2003.83,9232.0,0.0,737.23,11973.06,-4034.74,Export,No
18,CENACE,2678.67,0.0,2678.67,2624.0,0.0,0.0,0.0,2624.0,54.67,Import,No
18,CHPD,513.63,0.0,513.63,0.0,1101.0,0.0,0.0,1101.0,-587.37,Export,No
18,CISO,33567.6,0.0,33567.6,13252.69,22184.5,0.0,369.6,35806.79,-2239.19,Export,No
18,DOPD,296.54,0.0,296.54,0.0,593.0,0.0,0.0,593.0,-296.46,Export,No
18,EPE,1855.96,0.0,1855.96,0.0,162.0,0.0,0.0,162.0,1693.96,Import,No
18,GCPD,854.24,0.0,854.24,0.0,1151.0,0.0,0.0,1151.0,-296.76,Export,No
18,IID,1324.42,0.0,1324.42,837.31,382.0,0.0,0.0,1219.31,105.11,Import,No
18,IPCO,3511.47,0.0,3511.47,1276.16,2146.0,0.0,55.44,3477.6,33.87,Import,No
18,LDWP,5433.0,0.0,5433.0,1678.5,968.0,0.0,-77.0,2569.5,2863.5,Import,No
18,NEVP,8739.0,0.0,8739.0,11056.85,1891.0,0.0,-1174.1,11773.75,-3034.75,Export,No
18,NWMT,1755.18,0.0,1755.18,1733.0,976.0,0.0,0.0,2709.0,-953.82,Export,No
18,PACE,9153.33,0.0,9153.33,9916.81,3109.0,0.0,-154.65,12871.16,-3717.83,Export,No
18,PACW,3261.38,0.0,3261.38,1628.12,559.0,0.0,295.68,2482.8,778.58,Import,No
18,PGE,3413.2,0.0,3413.2,1491.6,187.0,0.0,0.0,1678.6,1734.6,Import,No
18,PNM,2828.76,0.0,2828.76,1867.12,1001.0,0.0,-92.4,2775.72,53.04,Import,No
18,PSCO,8174.9,0.0,8174.9,6366.69,1800.0,288.5,-215.6,8239.59,-64.69,Export,No
18,PSEI,3551.77,0.0,3551.77,1107.58,242.0,0.0,0.0,1349.58,2202.19,Import,No
18,SCL,1257.27,0.0,1257.27,0.0,968.0,0.0,0.0,968.0,289.27,Import,No
18,SRP,7934.05,0.0,7934.05,9505.0,886.0,0.0,466.68,10857.68,-2923.63,Export,No
18,TEPC,3514.97,0.0,3514.97,2054.8,303.0,0.0,0.0,2357.8,1157.17,Import,No
18,TIDC,728.66,0.0,728.66,632.66,96.0,0.0,0.0,728.66,0.0,Balanced,No
18,TPWR,620.09,0.0,620.09,90.0,218.0,0.0,0.0,308.0,312.09,Import,No
18,WACM,5709.57,0.0,5709.57,4984.12,1722.0,0.0,0.0,6706.12,-996.55,Export,No
18,WALC,1674.56,0.0,1674.56,2495.2,863.0,0.0,0.0,3358.2,-1683.64,Export,No
18,WAUW,131.16,0.0,131.16,0.0,4.0,0.0,0.0,4.0,127.16,Import,No
19,AESO,12507.34,0.0,12507.34,10721.09,565.82,0.0,0.0,11286.91,1220.43,Import,No
19,AVA,2030.6,0.0,2030.6,931.79,846.0,0.0,0.0,1777.79,252.81,Import,No
19,AZPS,8174.12,0.0,8174.12,3284.7,788.0,0.0,334.17,4406.87,3767.25,Import,No
19,BANC,5992.0,0.0,5992.0,1179.14,1593.0,0.0,13.86,2786.0,3206.0,Import,No
19,BCHA,8886.71,0.0,8886.71,1142.19,7299.79,0.0,0.0,8441.99,444.72,Import,No
19,BPAT,7844.35,0.0,7844.35,2003.83,9258.0,0.0,75.01,11336.84,-3492.49,Export,No
19,CENACE,2619.01,0.0,2619.01,2624.0,0.0,0.0,0.0,2624.0,-4.99,Export,No
19,CHPD,511.4,0.0,511.4,0.0,1381.0,0.0,0.0,1381.0,-869.6,Export,No
19,CISO,34285.9,0.0,34285.9,13317.59,20988.9,0.0,0.0,34306.49,-20.59,Export,No
19,DOPD,291.11,0.0,291.11,0.0,591.0,0.0,0.0,591.0,-299.89,Export,No
19,EPE,1691.99,0.0,1691.99,0.0,41.0,0.0,0.0,41.0,1650.99,Import,No
19,GCPD,843.08,0.0,843.08,0.0,1202.0,0.0,0.0,1202.0,-358.92,Export,No
19,IID,1246.66,0.0,1246.66,837.31,196.0,0.0,0.0,1033.31,213.35,Import,No
19,IPCO,3496.4,0.0,3496.4,1276.16,2074.0,-5.79,42.73,3387.11,109.29,Import,No
19,LDWP,4783.94,0.0,4783.94,1879.5,791.0,0.0,61.6,2732.1,2051.84,Import,No
19,NEVP,8651.24,0.0,8651.24,11057.21,1599.0,150.0,28.5,12834.71,-4183.47,Export,No
19,NWMT,1732.16,0.0,1732.16,1733.0,929.0,0.0,0.0,2662.0,-929.84,Export,No
19,PACE,8878.74,0.0,8878.74,9916.81,2529.0,0.0,-190.96,12254.85,-3376.11,Export,No
19,PACW,3213.36,0.0,3213.36,1628.12,482.0,0.0,-184.8,1925.32,1288.04,Import,No
19,PGE,3372.65,0.0,3372.65,1491.6,195.0,0.0,0.0,1686.6,1686.05,Import,No
19,PNM,2765.55,0.0,2765.55,1885.12,491.0,162.32,110.88,2649.33,116.22,Import,No
19,PSCO,7884.89,0.0,7884.89,6366.69,3016.0,-32.2,-215.6,9134.89,-1250.0,Export,No
19,PSEI,3497.05,0.0,3497.05,1107.58,266.0,0.0,0.0,1373.58,2123.47,Import,No
19,SCL,1214.64,0.0,1214.64,0.0,938.0,0.0,0.0,938.0,276.64,Import,No
19,SRP,7940.36,0.0,7940.36,9505.0,603.0,44.78,-416.42,9736.36,-1796.0,Export,No
19,TEPC,3400.12,0.0,3400.12,2054.8,219.0,0.0,0.0,2273.8,1126.32,Import,No
19,TIDC,714.0,0.0,714.0,617.0,97.0,0.0,0.0,714.0,0.0,Balanced,No
19,TPWR,615.67,0.0,615.67,90.0,217.0,0.0,0.0,307.0,308.67,Import,No
19,WACM,5567.58,0.0,5567.58,4984.12,1836.0,53.56,0.0,6873.68,-1306.1,Export,No
19,WALC,1603.59,0.0,1603.59,2495.2,1190.0,0.0,0.0,3685.2,-2081.61,Export,No
19,WAUW,131.51,0.0,131.51,0.0,4.0,0.0,0.0,4.0,127.51,Import,No
20,AESO,12213.89,0.0,12213.89,10727.55,539.32,0.0,0.0,11266.87,947.02,Import,No
20,AVA,1959.11,0.0,1959.11,931.79,842.0,0.0,0.0,1773.79,185.32,Import,No
20,AZPS,7808.16,0.0,7808.16,3284.7,275.0,750.0,1247.4,5557.1,2251.06,Import,No
20,BANC,5387.87,0.0,5387.87,1174.53,1507.0,0.0,18.48,2700.01,2687.86,Import,No
20,BCHA,8712.78,0.0,8712.78,1142.19,7562.67,0.0,0.0,8704.87,7.91,Import,No
20,BPAT,7702.72,0.0,7702.72,2003.83,9520.0,0.0,-308.0,11215.83,-3513.11,Export,No
20,CENACE,2592.48,0.0,2592.48,2624.0,0.0,0.0,0.0,2624.0,-31.52,Export,No
20,CHPD,501.23,0.0,501.23,0.0,1398.0,0.0,0.0,1398.0,-896.77,Export,No
20,CISO,35293.5,0.0,35293.5,13346.09,19364.9,0.0,0.0,32710.99,2582.51,Import,No
20,DOPD,282.34,0.0,282.34,0.0,591.0,0.0,0.0,591.0,-308.66,Export,No
20,EPE,1592.62,0.0,1592.62,0.0,0.0,0.0,0.0,0.0,1592.62,Import,No
20,GCPD,822.86,0.0,822.86,0.0,1256.0,0.0,0.0,1256.0,-433.14,Export,No
20,IID,1133.59,0.0,1133.59,837.31,44.0,0.0,0.0,881.31,252.28,Import,No
20,IPCO,3495.1,0.0,3495.1,1276.16,1567.0,-110.0,-23.1,2710.06,785.04,Import,No
20,LDWP,4242.9,0.0,4242.9,1879.5,496.0,371.46,34.65,2781.61,1461.29,Import,No
20,NEVP,8358.93,0.0,8358.93,11057.85,430.0,0.0,-25.7,11462.15,-3103.22,Export,No
20,NWMT,1705.02,0.0,1705.02,1733.0,896.0,0.0,0.0,2629.0,-923.98,Export,No
20,PACE,8454.06,0.0,8454.06,9916.81,1414.0,0.0,-95.48,11235.33,-2781.27,Export,No
20,PACW,3127.51,0.0,3127.51,1628.12,333.0,0.0,-123.2,1837.92,1289.59,Import,No
20,PGE,3240.21,0.0,3240.21,1491.6,191.0,0.0,0.0,1682.6,1557.61,Import,No
20,PNM,2691.39,0.0,2691.39,1885.12,308.0,319.0,-46.2,2465.92,225.47,Import,No
20,PSCO,7472.72,0.0,7472.72,5975.02,3144.0,-288.5,-107.8,8722.72,-1250.0,Export,No
20,PSEI,3431.57,0.0,3431.57,1107.58,244.0,0.0,0.0,1351.58,2079.99,Import,No
20,SCL,1188.3,0.0,1188.3,0.0,901.0,0.0,0.0,901.0,287.3,Import,No
20,SRP,7766.21,0.0,7766.21,9505.0,511.0,88.0,7.71,10111.71,-2345.5,Export,No
20,TEPC,3230.32,0.0,3230.32,2054.8,206.0,0.0,0.0,2260.8,969.52,Import,No
20,TIDC,681.54,0.0,681.54,585.54,96.0,0.0,0.0,681.54,0.0,Balanced,No
20,TPWR,610.97,0.0,610.97,90.0,218.0,0.0,0.0,308.0,302.97,Import,No
20,WACM,5397.44,0.0,5397.44,4984.12,1888.0,105.25,0.0,6977.37,-1579.93,Export,No
20,WALC,1497.49,0.0,1497.49,2495.2,1428.0,0.0,0.0,3923.2,-2425.71,Export,No
20,WAUW,131.45,0.0,131.45,0.0,4.0,0.0,0.0,4.0,127.45,Import,No
21,AESO,12122.34,0.0,12122.34,11149.36,533.2,0.0,0.0,11682.56,439.78,Import,No
21,AVA,1867.56,0.0,1867.56,931.79,640.0,0.0,0.0,1571.79,295.77,Import,No
21,AZPS,7500.98,0.0,7500.98,3284.7,179.0,750.0,1247.4,5461.1,2039.88,Import,No
21,BANC,4800.78,0.0,4800.78,1177.5,1414.0,0.0,62.37,2653.87,2146.91,Import,No
21,BCHA,8568.25,0.0,8568.25,1142.19,7283.79,0.0,0.0,8425.98,142.27,Import,No
21,BPAT,7526.84,0.0,7526.84,2003.83,9140.0,0.0,656.74,11800.57,-4273.73,Export,No
21,CENACE,2767.55,0.0,2767.55,2645.5,0.0,0.0,0.0,2645.5,122.05,Import,No
21,CHPD,493.37,0.0,493.37,0.0,1453.0,0.0,0.0,1453.0,-959.63,Export,No
21,CISO,36690.5,0.0,36690.5,14196.58,13366.9,2570.59,488.29,30622.36,6068.14,Import,Yes
21,DOPD,278.81,0.0,278.81,0.0,588.0,0.0,0.0,588.0,-309.19,Export,No
21,EPE,1560.91,0.0,1560.91,0.0,0.0,0.0,0.0,0.0,1560.91,Import,No
21,GCPD,807.16,0.0,807.16,0.0,1073.0,0.0,0.0,1073.0,-265.84,Export,No
21,IID,1064.06,0.0,1064.06,946.41,30.0,0.0,0.0,976.41,87.65,Import,No
21,IPCO,3500.21,0.0,3500.21,1282.0,1418.0,110.0,-23.1,2786.9,713.31,Import,No
21,LDWP,4107.67,0.0,4107.67,1879.5,498.0,730.0,-38.5,3069.0,1038.67,Import,No
21,NEVP,8267.56,0.0,8267.56,11057.85,198.0,150.0,391.81,11797.66,-3530.1,Export,No
21,NWMT,1680.23,0.0,1680.23,1733.0,940.0,0.0,0.0,2673.0,-992.77,Export,No
21,PACE,8209.84,0.0,8209.84,9979.0,1721.0,0.0,-95.48,11604.52,-3394.68,Export,No
21,PACW,3012.73,0.0,3012.73,1628.12,234.0,0.0,-123.2,1738.92,1273.81,Import,No
21,PGE,3193.03,0.0,3193.03,1491.6,181.0,0.0,0.0,1672.6,1520.43,Import,No
21,PNM,2633.96,0.0,2633.96,1885.12,396.0,319.0,124.74,2724.86,-90.9,Export,No
21,PSCO,7173.33,0.0,7173.33,6366.69,1851.0,288.5,-107.8,8398.39,-1225.06,Export,No
21,PSEI,3377.87,0.0,3377.87,1107.58,204.0,0.0,0.0,1311.58,2066.29,Import,No
21,SCL,1173.64,0.0,1173.64,0.0,609.0,0.0,0.0,609.0,564.64,Import,No
21,SRP,7378.98,0.0,7378.98,9505.0,672.0,88.0,-462.0,9803.0,-2424.02,Export,No
21,TEPC,3097.93,0.0,3097.93,2054.8,209.0,0.0,0.0,2263.8,834.13,Import,No
21,TIDC,645.48,0.0,645.48,549.48,96.0,0.0,0.0,645.48,0.0,Balanced,No
21,TPWR,605.88,0.0,605.88,90.0,210.0,0.0,0.0,300.0,305.88,Import,No
21,WACM,5272.69,0.0,5272.69,4984.12,1625.0,105.25,0.0,6714.37,-1441.68,Export,No
21,WALC,1513.84,0.0,1513.84,2495.2,1457.0,0.0,0.0,3952.2,-2438.36,Export,No
21,WAUW,130.45,0.0,130.45,0.0,5.0,0.0,0.0,5.0,125.45,Import,No
22,AESO,11921.65,0.0,11921.65,10807.21,589.9,0.0,0.0,11397.12,524.53,Import,No
22,AVA,1802.76,0.0,1802.76,931.79,619.0,0.0,0.0,1550.79,251.97,Import,No
22,AZPS,7310.12,0.0,7310.12,3284.7,105.0,750.0,662.63,4802.33,2507.79,Import,No
22,BANC,4007.82,0.0,4007.82,1177.5,1422.0,0.0,51.97,2651.47,1356.35,Import,No
22,BCHA,8574.89,0.0,8574.89,1142.19,6893.81,0.0,0.0,8036.0,538.89,Import,No
22,BPAT,7435.8,0.0,7435.8,2003.83,8679.0,0.0,693.0,11375.83,-3940.03,Export,No
22,CENACE,2813.84,0.0,2813.84,2645.5,0.0,0.0,0.0,2645.5,168.34,Import,No
22,CHPD,490.06,0.0,490.06,0.0,1443.0,0.0,0.0,1443.0,-952.94,Export,No
22,CISO,36472.7,0.0,36472.7,14056.48,8796.2,6545.63,474.78,29873.09,6599.61,Import,Yes
22,DOPD,264.64,0.0,264.64,0.0,631.0,0.0,0.0,631.0,-366.36,Export,No
22,EPE,1500.33,0.0,1500.33,0.0,0.0,0.0,0.0,0.0,1500.33,Import,No
22,GCPD,800.44,0.0,800.44,0.0,944.0,0.0,0.0,944.0,-143.56,Export,No
22,IID,921.66,0.0,921.66,946.41,26.0,0.0,0.0,972.41,-50.75,Export,No
22,IPCO,3512.71,0.0,3512.71,1276.16,1244.0,0.0,51.97,2572.13,940.58,Import,No
22,LDWP,3733.83,0.0,3733.83,1879.5,323.0,730.0,86.63,3019.13,714.7,Import,No
22,NEVP,7928.94,0.0,7928.94,11057.85,31.0,150.0,-271.48,10967.37,-3038.43,Export,No
22,NWMT,1660.08,0.0,1660.08,1733.0,970.0,0.0,0.0,2703.0,-1042.92,Export,No
22,PACE,7545.97,0.0,7545.97,9916.81,1934.0,0.0,-238.7,11612.11,-4066.14,Export,No
22,PACW,2941.24,0.0,2941.24,1628.12,139.0,0.0,277.2,2044.32,896.92,Import,No
22,PGE,3158.12,0.0,3158.12,1266.0,178.0,0.0,0.0,1444.0,1714.12,Import,No
22,PNM,2547.17,0.0,2547.17,1885.12,586.0,319.0,-115.5,2674.62,-127.45,Export,No
22,PSCO,6842.03,0.0,6842.03,6366.69,1239.0,288.5,-269.5,7624.69,-782.66,Export,No
22,PSEI,3392.32,0.0,3392.32,1107.58,197.0,0.0,0.0,1304.58,2087.74,Import,No
22,SCL,1179.11,0.0,1179.11,0.0,582.0,0.0,0.0,582.0,597.11,Import,No
22,SRP,7114.39,0.0,7114.39,9505.0,366.0,88.0,432.59,10391.59,-3277.2,Export,No
22,TEPC,3027.19,0.0,3027.19,2054.8,220.0,0.0,0.0,2274.8,752.39,Import,No
22,TIDC,614.04,0.0,614.04,532.04,82.0,0.0,0.0,614.04,0.0,Balanced,No
22,TPWR,609.25,0.0,609.25,90.0,210.0,0.0,0.0,300.0,309.25,Import,No
22,WACM,5212.43,0.0,5212.43,4984.12,1631.0,105.25,0.0,6720.37,-1507.94,Export,No
22,WALC,1446.69,0.0,1446.69,2495.2,1248.0,0.0,0.0,3743.2,-2296.51,Export,No
22,WAUW,136.29,0.0,136.29,0.0,4.0,0.0,0.0,4.0,132.29,Import,No
23,AESO,11882.37,0.0,11882.37,9912.69,645.22,0.0,0.0,10557.92,1324.45,Import,No
23,AVA,1560.86,0.0,1560.86,902.99,605.0,0.0,0.0,1507.99,52.87,Import,No
23,AZPS,6969.66,0.0,6969.66,3284.7,122.0,381.63,155.0,3943.34,3026.32,Import,No
23,BANC,2579.72,0.0,2579.72,1177.5,1375.0,0.0,-26.05,2526.45,53.27,Import,No
23,BCHA,8127.02,0.0,8127.02,1142.19,5907.89,0.0,0.0,7050.09,1076.93,Import,No
23,BPAT,6920.33,0.0,6920.33,2003.83,7492.0,0.0,215.48,9711.31,-2790.98,Export,No
23,CENACE,2672.71,0.0,2672.71,2640.48,0.0,0.0,0.0,2640.48,32.23,Import,No
23,CHPD,466.79,0.0,466.79,0.0,1227.0,0.0,0.0,1227.0,-760.21,Export,No
23,CISO,35967.8,0.0,35967.8,14044.05,8932.0,5932.17,145.73,29053.95,6913.85,Import,Yes
23,DOPD,232.84,0.0,232.84,0.0,622.0,0.0,0.0,622.0,-389.16,Export,No
23,EPE,1334.06,0.0,1334.06,0.0,0.0,0.0,0.0,0.0,1334.06,Import,No
23,GCPD,767.37,0.0,767.37,0.0,1086.0,0.0,0.0,1086.0,-318.63,Export,No
23,IID,747.53,0.0,747.53,946.41,30.0,0.0,0.0,976.41,-228.88,Export,No
23,IPCO,3486.66,0.0,3486.66,1276.16,1266.0,0.0,-57.75,2484.41,1002.25,Import,No
23,LDWP,3065.8,0.0,3065.8,1879.5,231.0,730.0,-96.25,2744.25,321.55,Import,No
23,NEVP,7420.87,0.0,7420.87,11057.85,33.0,76.33,-1467.62,9699.56,-2278.69,Export,No
23,NWMT,1594.27,0.0,1594.27,1733.0,1026.0,0.0,0.0,2759.0,-1164.73,Export,No
23,PACE,6705.53,0.0,6705.53,9916.81,2017.0,0.0,-238.7,11695.11,-4989.58,Export,No
23,PACW,2703.48,0.0,2703.48,1628.12,204.0,0.0,61.6,1893.72,809.76,Import,No
23,PGE,2988.06,0.0,2988.06,1266.0,209.0,0.0,0.0,1475.0,1513.06,Import,No
23,PNM,2136.88,0.0,2136.88,1885.12,553.0,0.0,-115.5,2322.62,-185.74,Export,No
23,PSCO,5861.85,0.0,5861.85,6366.69,970.0,44.66,-269.5,7111.85,-1250.0,Export,No
23,PSEI,3251.0,0.0,3251.0,1107.58,233.0,0.0,0.0,1340.58,1910.42,Import,No
23,SCL,1137.48,0.0,1137.48,0.0,410.0,0.0,0.0,410.0,727.48,Import,No
23,SRP,6509.93,0.0,6509.93,9505.0,425.0,0.0,-390.71,9539.29,-3029.36,Export,No
23,TEPC,2835.03,0.0,2835.03,2054.8,153.0,0.0,0.0,2207.8,627.23,Import,No
23,TIDC,543.92,0.0,543.92,472.92,71.0,0.0,0.0,543.92,0.0,Balanced,No
23,TPWR,598.48,0.0,598.48,90.0,206.0,0.0,0.0,296.0,302.48,Import,No
23,WACM,4742.41,0.0,4742.41,4984.12,1377.0,0.0,0.0,6361.12,-1618.71,Export,No
23,WALC,1310.42,0.0,1310.42,2495.2,966.0,0.0,0.0,3461.2,-2150.78,Export,No
23,WAUW,131.23,0.0,131.23,0.0,4.0,0.0,0.0,4.0,127.23,Import,No
24,AESO,11411.66,0.0,11411.66,9687.21,645.22,0.0,0.0,10332.43,1079.23,Import,No
24,AVA,1395.39,0.0,1395.39,671.39,605.0,0.0,0.0,1276.39,119.0,Import,No
24,AZPS,6415.45,0.0,6415.45,3284.7,122.0,-615.59,-1155.0,1636.11,4779.34,Import,No
24,BANC,1278.81,0.0,1278.81,1177.5,1375.0,0.0,-57.75,2494.75,-1215.94,Export,No
24,BCHA,7411.7,0.0,7411.7,1042.8,5907.89,0.0,0.0,6950.7,461.0,Import,No
24,BPAT,6244.06,0.0,6244.06,2003.83,7492.0,0.0,-770.0,8725.83,-2481.77,Export,No
24,CENACE,2428.0,0.0,2428.0,2645.5,0.0,0.0,0.0,2645.5,-217.5,Export,No
24,CHPD,445.55,0.0,445.55,0.0,1227.0,0.0,0.0,1227.0,-781.45,Export,No
24,CISO,35344.1,0.0,35344.1,14027.78,8932.0,4815.37,346.5,28121.65,7222.45,Import,Yes
24,DOPD,203.88,0.0,203.88,0.0,622.0,0.0,0.0,622.0,-418.12,Export,No
24,EPE,1212.04,0.0,1212.04,0.0,0.0,0.0,0.0,0.0,1212.04,Import,No
24,GCPD,728.71,0.0,728.71,0.0,1086.0,0.0,0.0,1086.0,-357.29,Export,No
24,IID,647.9,0.0,647.9,925.5,30.0,0.0,0.0,955.5,-307.6,Export,No
24,IPCO,3325.17,0.0,3325.17,1099.26,1266.0,-90.29,-57.75,2217.22,1107.95,Import,No
24,LDWP,2713.8,0.0,2713.8,1678.5,231.0,-599.17,-96.25,1214.08,1499.72,Import,No
24,NEVP,6889.55,0.0,6889.55,11056.85,7.0,-123.12,-1467.62,9473.11,-2583.56,Export,No
24,NWMT,1455.24,0.0,1455.24,1679.0,1026.0,0.0,0.0,2705.0,-1249.76,Export,No
24,PACE,6244.66,0.0,6244.66,9277.28,2017.0,0.0,-238.7,11055.58,-4810.92,Export,No
24,PACW,2419.03,0.0,2419.03,1618.12,204.0,0.0,-308.0,1514.12,904.91,Import,No
24,PGE,2775.85,0.0,2775.85,1266.0,209.0,0.0,0.0,1475.0,1300.85,Import,No
24,PNM,1807.2,0.0,1807.2,1867.12,553.0,-261.83,-115.5,2042.8,-235.6,Export,No
24,PSCO,5163.75,0.0,5163.75,5950.05,970.0,-236.8,-269.5,6413.75,-1250.0,Export,No
24,PSEI,2914.82,0.0,2914.82,962.48,233.0,0.0,0.0,1195.48,1719.34,Import,No
24,SCL,1042.26,0.0,1042.26,0.0,410.0,0.0,0.0,410.0,632.26,Import,No
24,SRP,5722.57,0.0,5722.57,9505.0,73.0,-72.23,-1155.0,8350.77,-2628.2,Export,No
24,TEPC,2476.98,0.0,2476.98,2054.8,153.0,0.0,0.0,2207.8,269.18,Import,No
24,TIDC,474.85,0.0,474.85,403.85,71.0,0.0,0.0,474.85,0.0,Balanced,No
24,TPWR,571.83,0.0,571.83,90.0,206.0,0.0,0.0,296.0,275.83,Import,No
24,WACM,4274.36,0.0,4274.36,4844.12,1377.0,-86.39,0.0,6134.73,-1860.37,Export,No
24,WALC,1144.93,0.0,1144.93,2495.2,953.0,0.0,0.0,3448.2,-2303.27,Export,No
24,WAUW,122.25,0.0,122.25,0.0,4.0,0.0,0.0,4.0,118.25,Import,No
